Player,Pos,Age,Tm,G,GS,MP,FG,FGA,FG%,3P,3PA,3P%,2P,2PA,2P%,eFG%,FT,FTA,FT%,ORB,DRB,TRB,AST,STL,BLK,TOV,PF,PTS
Álex Abrines,SG,24,OKC,75,8,15.1,1.5,3.9,.395,1.1,2.9,.380,0.4,0.9,.443,.540,0.5,0.6,.848,0.3,1.2,1.5,0.4,0.5,0.1,0.3,1.7,4.7
Steven Adams,C,24,OKC,76,76,32.7,5.9,9.4,.629,0.0,0.0,.000,5.9,9.3,.631,.629,2.1,3.8,.559,5.1,4.0,9.0,1.2,1.2,1.0,1.7,2.8,13.9
Bam Adebayo,C,20,MIA,69,19,19.8,2.5,4.9,.512,0.0,0.1,.000,2.5,4.8,.523,.512,1.9,2.6,.721,1.7,3.8,5.5,1.5,0.5,0.6,1.0,2.0,6.9
Arron Afflalo,SG,32,ORL,53,3,12.9,1.2,3.1,.401,0.5,1.3,.386,0.7,1.7,.413,.485,0.4,0.5,.846,0.1,1.2,1.2,0.6,0.1,0.2,0.4,1.1,3.4
Cole Aldrich,C,29,MIN,21,0,2.3,0.2,0.7,.333,0.0,0.0,,0.2,0.7,.333,.333,0.1,0.3,.333,0.1,0.6,0.7,0.1,0.1,0.0,0.0,0.5,0.6
LaMarcus Aldridge,C,32,SAS,75,75,33.5,9.2,18.0,.510,0.4,1.2,.293,8.8,16.7,.526,.520,4.5,5.3,.837,3.3,5.2,8.5,2.0,0.6,1.2,1.5,2.1,23.1
Ike Anigbogu,C,19,IND,11,0,2.7,0.4,0.8,.444,0.0,0.0,,0.4,0.8,.444,.444,0.5,0.5,.833,0.5,0.4,0.8,0.0,0.1,0.3,0.2,0.1,1.2
Ryan Arcidiacono,PG,23,CHI,24,0,12.7,0.7,1.7,.415,0.4,1.3,.290,0.3,0.4,.800,.524,0.2,0.3,.833,0.0,1.0,1.0,1.5,0.5,0.0,0.5,0.8,2.0
Jamel Artis,SG,25,ORL,15,1,18.6,2.1,5.3,.392,0.5,1.9,.276,1.5,3.3,.460,.443,0.5,0.8,.583,0.3,2.3,2.5,1.2,0.1,0.2,0.5,0.7,5.1
Ömer Aşık,C,31,TOT,18,0,10.1,0.5,1.2,.409,0.0,0.0,,0.5,1.2,.409,.409,0.2,0.7,.308,0.5,2.1,2.6,0.2,0.1,0.2,0.5,1.1,1.2
Ömer Aşık,C,31,NOP,14,0,8.6,0.5,1.1,.438,0.0,0.0,,0.5,1.1,.438,.438,0.3,0.9,.333,0.5,2.1,2.6,0.1,0.1,0.1,0.4,1.0,1.3
Ömer Aşık,C,31,CHI,4,0,15.3,0.5,1.5,.333,0.0,0.0,,0.5,1.5,.333,.333,0.0,0.3,.000,0.5,2.0,2.5,0.3,0.3,0.5,1.0,1.5,1.0
D.J. Augustin,PG,30,ORL,75,36,23.5,3.3,7.2,.452,1.5,3.6,.419,1.7,3.6,.485,.557,2.2,2.5,.868,0.4,1.7,2.1,3.8,0.7,0.0,1.6,1.3,10.2
Dwayne Bacon,SG,22,CHO,53,6,13.5,1.4,3.6,.375,0.2,0.8,.256,1.2,2.8,.409,.404,0.4,0.5,.800,0.1,2.3,2.3,0.7,0.3,0.0,0.4,0.9,3.3
Ron Baker,SG,24,NYK,29,1,13.3,0.7,2.0,.339,0.4,1.1,.333,0.3,0.9,.346,.432,0.7,0.9,.769,0.2,0.9,1.0,1.6,0.9,0.2,0.6,1.1,2.4
Wade Baldwin,PG,21,POR,7,0,11.4,2.0,3.0,.667,0.6,0.7,.800,1.4,2.3,.625,.762,0.9,1.4,.600,0.1,1.0,1.1,0.7,0.3,0.1,0.6,1.7,5.4
Lonzo Ball,PG,20,LAL,52,50,34.2,3.9,10.8,.360,1.7,5.7,.305,2.2,5.2,.420,.440,0.6,1.4,.451,1.3,5.6,6.9,7.2,1.7,0.8,2.6,2.3,10.2
J.J. Barea,PG,33,DAL,69,10,23.2,4.4,10.0,.439,1.7,4.5,.367,2.7,5.5,.499,.522,1.2,1.5,.784,0.2,2.7,2.9,6.3,0.5,0.0,2.1,1.2,11.6
Will Barton,SG,27,DEN,81,40,33.1,5.7,12.7,.452,1.9,5.2,.370,3.8,7.5,.510,.528,2.2,2.8,.805,0.9,4.2,5.0,4.1,1.0,0.6,1.8,2.1,15.7
Nicolas Batum,SG,29,CHO,64,64,31.0,4.2,10.2,.415,1.4,4.3,.336,2.8,5.9,.473,.486,1.7,2.0,.831,0.9,3.9,4.8,5.5,1.0,0.4,2.0,1.1,11.6
Jerryd Bayless,SG,29,PHI,39,11,23.7,2.8,6.7,.416,1.4,3.7,.370,1.4,3.0,.474,.519,0.9,1.1,.795,0.4,1.7,2.1,1.4,0.6,0.2,1.2,2.3,7.9
Kent Bazemore,SG,28,ATL,65,65,27.5,4.4,10.4,.420,1.7,4.2,.394,2.7,6.2,.438,.500,2.5,3.1,.796,0.4,3.4,3.8,3.5,1.5,0.7,2.4,2.3,12.9
Bradley Beal,SG,24,WAS,82,82,36.3,8.3,18.1,.460,2.4,6.5,.375,5.9,11.6,.507,.527,3.6,4.5,.791,0.7,3.7,4.4,4.5,1.2,0.4,2.6,2.0,22.6
Malik Beasley,SG,21,DEN,62,0,9.4,1.2,2.9,.410,0.5,1.3,.341,0.7,1.5,.469,.489,0.4,0.5,.667,0.2,0.9,1.1,0.5,0.2,0.1,0.4,0.6,3.2
Marco Belinelli,SG,31,TOT,80,2,24.3,4.2,9.6,.441,1.9,4.9,.377,2.4,4.6,.509,.539,1.9,2.0,.908,0.3,1.6,1.9,1.9,0.8,0.2,1.2,1.1,12.1
Marco Belinelli,SG,31,ATL,52,1,23.3,3.8,9.3,.410,1.8,4.8,.372,2.1,4.6,.450,.505,1.9,2.1,.927,0.3,1.7,1.9,2.0,0.9,0.1,1.0,0.8,11.4
Marco Belinelli,SG,31,PHI,28,1,26.3,4.9,10.0,.495,2.0,5.3,.385,2.9,4.7,.618,.597,1.7,1.9,.870,0.2,1.6,1.8,1.6,0.7,0.3,1.4,1.8,13.6
Jordan Bell,C,23,GSW,57,13,14.2,2.0,3.2,.627,0.0,0.1,.000,2.0,3.2,.641,.627,0.5,0.8,.682,1.1,2.6,3.6,1.8,0.6,1.0,0.9,1.6,4.6
Patrick Beverley,SG,29,LAC,11,11,30.4,4.4,10.8,.403,2.2,5.5,.400,2.2,5.4,.407,.504,1.3,1.5,.824,1.5,2.6,4.1,2.9,1.7,0.5,2.3,3.1,12.2
Khem Birch,C,25,ORL,42,0,13.8,1.6,3.0,.540,0.0,0.0,,1.6,3.0,.540,.540,1.0,1.5,.689,1.7,2.6,4.3,0.8,0.4,0.5,0.5,1.3,4.2
Bismack Biyombo,C,25,ORL,82,25,18.2,2.2,4.3,.520,0.0,0.0,.000,2.2,4.3,.521,.520,1.2,1.9,.650,1.8,4.0,5.7,0.8,0.3,1.2,1.0,1.9,5.7
Tarik Black,C,26,HOU,51,2,10.5,1.5,2.5,.591,0.0,0.2,.091,1.5,2.3,.638,.594,0.6,1.2,.460,1.2,2.0,3.2,0.3,0.4,0.6,0.7,2.1,3.5
Antonio Blakeney,SG,21,CHI,19,0,16.5,2.8,7.5,.371,0.8,2.7,.288,2.0,4.8,.418,.423,1.6,2.1,.769,0.2,1.5,1.7,1.1,0.4,0.1,0.6,1.0,7.9
Eric Bledsoe,PG,28,TOT,74,74,31.4,6.3,13.4,.473,1.7,4.9,.347,4.6,8.5,.545,.536,3.4,4.3,.795,0.7,3.1,3.8,5.0,2.0,0.6,2.9,2.5,17.7
Eric Bledsoe,PG,28,PHO,3,3,27.7,5.3,13.3,.400,1.3,4.3,.308,4.0,9.0,.444,.450,3.7,4.7,.786,1.0,1.3,2.3,3.0,1.3,0.7,3.3,2.0,15.7
Eric Bledsoe,PG,28,MIL,71,71,31.5,6.4,13.4,.476,1.7,4.9,.349,4.7,8.5,.550,.540,3.4,4.3,.795,0.7,3.2,3.9,5.1,2.0,0.6,2.9,2.5,17.8
Vander Blue,SG,25,LAL,5,0,9.0,0.2,1.0,.200,0.0,0.4,.000,0.2,0.6,.333,.200,0.2,0.4,.500,0.0,0.2,0.2,0.6,0.2,0.0,0.6,0.4,0.6
Bogdan Bogdanović,SG,25,SAC,78,53,27.9,4.4,9.9,.446,1.7,4.2,.392,2.8,5.7,.485,.529,1.3,1.5,.840,0.4,2.5,2.9,3.3,0.9,0.2,1.6,2.2,11.8
Andrew Bogut,C,33,LAL,24,5,9.0,0.7,1.0,.680,0.0,0.0,,0.7,1.0,.680,.680,0.1,0.1,1.000,1.1,2.2,3.3,0.6,0.2,0.5,0.8,1.7,1.5
Devin Booker,SG,21,PHO,54,54,34.5,8.4,19.5,.432,2.7,7.1,.383,5.7,12.4,.460,.501,5.4,6.1,.878,0.5,4.0,4.5,4.7,0.9,0.3,3.6,3.1,24.9
Avery Bradley,SG,27,TOT,46,46,31.2,5.6,13.6,.414,1.6,4.4,.369,4.0,9.2,.436,.474,1.4,1.8,.768,0.5,2.0,2.5,2.0,1.1,0.2,2.2,2.0,14.3
Avery Bradley,SG,27,DET,40,40,31.7,5.8,14.3,.409,1.9,4.9,.381,4.0,9.4,.423,.474,1.5,2.0,.763,0.5,1.9,2.4,2.1,1.2,0.2,2.3,2.0,15.0
Avery Bradley,SG,27,LAC,6,6,27.5,4.3,9.2,.473,0.2,1.5,.111,4.2,7.7,.543,.482,0.3,0.3,1.000,0.5,3.2,3.7,1.8,0.8,0.2,1.3,2.0,9.2
Tony Bradley,C,20,UTA,9,0,3.2,0.3,1.2,.273,0.0,0.1,.000,0.3,1.1,.300,.273,0.2,0.2,1.000,0.4,0.8,1.2,0.1,0.0,0.0,0.0,0.1,0.9
Corey Brewer,SG,31,OKC,18,16,28.6,3.6,8.0,.444,1.3,3.7,.343,2.3,4.3,.532,.524,1.7,2.2,.795,1.1,2.3,3.4,1.3,2.1,0.3,0.6,3.1,10.1
Malcolm Brogdon,PG,25,MIL,48,20,29.9,5.1,10.5,.485,1.3,3.4,.385,3.8,7.1,.532,.547,1.6,1.8,.882,0.5,2.8,3.3,3.2,0.9,0.3,1.4,2.7,13.0
Aaron Brooks,PG,33,MIN,32,1,5.9,0.9,2.2,.406,0.3,1.0,.355,0.5,1.2,.447,.486,0.3,0.3,.727,0.2,0.3,0.5,0.6,0.2,0.0,0.3,0.9,2.3
MarShon Brooks,SG,29,MEM,7,1,27.6,7.3,14.6,.500,2.7,4.6,.594,4.6,10.0,.457,.593,2.9,3.3,.870,1.1,1.9,3.0,3.6,1.6,0.4,2.3,0.9,20.1
Bobby Brown,PG,33,HOU,20,0,5.8,1.0,2.9,.328,0.6,2.0,.275,0.4,0.9,.444,.422,0.1,0.1,.500,0.0,0.4,0.4,0.6,0.2,0.0,0.5,0.3,2.5
Lorenzo Brown,PG,27,TOR,14,0,9.9,1.0,2.4,.412,0.1,0.9,.167,0.9,1.6,.545,.441,0.1,0.1,1.000,0.1,1.0,1.1,0.9,0.4,0.0,0.2,0.5,2.3
Markel Brown,SG,26,HOU,4,0,7.8,0.5,1.8,.286,0.3,1.3,.200,0.3,0.5,.500,.357,0.0,0.0,,0.3,1.0,1.3,0.5,0.0,0.0,0.5,1.5,1.3
Sterling Brown,SG,22,MIL,54,4,14.4,1.5,3.8,.400,0.6,1.7,.352,0.9,2.1,.439,.478,0.4,0.4,.875,0.5,2.1,2.6,0.5,0.6,0.2,0.5,1.5,4.0
Thomas Bryant,C,20,LAL,15,0,4.8,0.5,1.4,.381,0.1,0.7,.100,0.5,0.7,.636,.405,0.3,0.6,.556,0.2,0.9,1.1,0.4,0.1,0.1,0.1,0.4,1.5
Trey Burke,PG,25,NYK,36,9,21.8,5.4,10.7,.503,1.1,2.9,.362,4.3,7.8,.556,.552,1.0,1.6,.649,0.4,1.6,2.0,4.7,0.7,0.1,1.2,1.2,12.8
Alec Burks,SG,26,UTA,64,1,16.5,2.7,6.5,.411,0.7,2.2,.331,1.9,4.3,.452,.467,1.7,1.9,.863,0.3,2.7,3.0,1.0,0.6,0.1,0.9,1.2,7.7
Jimmy Butler,SG,28,MIN,59,59,36.7,7.4,15.6,.474,1.2,3.4,.350,6.2,12.2,.509,.512,6.2,7.2,.854,1.3,4.0,5.3,4.9,2.0,0.4,1.8,1.3,22.2
Dwight Buycks,PG,28,DET,29,0,14.7,2.8,6.8,.414,0.5,1.6,.333,2.3,5.3,.438,.452,1.2,1.4,.878,0.4,1.0,1.4,2.0,0.7,0.1,1.3,1.3,7.4
José Calderón,PG,36,CLE,57,32,16.0,1.6,3.2,.503,0.8,1.7,.464,0.8,1.5,.545,.624,0.4,0.5,.800,0.2,1.2,1.5,2.1,0.5,0.0,0.7,1.4,4.5
Kentavious Caldwell-Pope,SG,24,LAL,74,74,33.2,4.6,10.8,.426,2.1,5.6,.383,2.4,5.2,.473,.526,2.1,2.6,.789,0.8,4.4,5.2,2.2,1.4,0.2,1.3,2.0,13.4
Isaiah Canaan,SG,26,HOU,1,0,4.0,0.0,1.0,.000,0.0,0.0,,0.0,1.0,.000,.000,0.0,0.0,,0.0,1.0,1.0,0.0,0.0,0.0,0.0,0.0,0.0
Isaiah Canaan,PG,26,PHO,19,1,22.0,2.7,7.2,.382,1.2,3.5,.333,1.6,3.7,.429,.463,2.4,2.7,.902,0.3,2.0,2.3,4.0,0.8,0.1,1.5,1.9,9.1
Clint Capela,C,23,HOU,74,74,27.5,6.0,9.1,.652,0.0,0.0,.000,6.0,9.1,.653,.652,1.9,3.5,.560,3.3,7.6,10.8,0.9,0.8,1.9,1.4,2.5,13.9
Michael Carter-Williams,PG,26,CHO,52,2,16.1,1.5,4.4,.332,0.3,1.1,.237,1.2,3.3,.365,.362,1.4,1.7,.820,0.7,1.9,2.7,2.2,0.8,0.4,1.0,1.9,4.6
Alex Caruso,PG,23,LAL,37,7,15.2,1.4,3.1,.431,0.4,1.2,.302,1.0,2.0,.507,.487,0.6,0.8,.700,0.4,1.4,1.8,2.0,0.6,0.3,1.1,1.4,3.6
Willie Cauley-Stein,C,24,SAC,73,58,28.0,5.3,10.6,.502,0.0,0.2,.250,5.3,10.4,.506,.504,2.1,3.4,.619,1.8,5.2,7.0,2.4,1.1,0.9,1.5,2.5,12.8
Mario Chalmers,PG,31,MEM,66,10,21.5,2.5,6.7,.379,0.8,2.9,.277,1.7,3.8,.456,.439,1.8,2.1,.855,0.2,2.2,2.4,3.0,1.2,0.2,1.8,2.7,7.7
Tyson Chandler,C,35,PHO,46,46,25.0,2.6,4.1,.647,0.0,0.0,,2.6,4.1,.647,.647,1.3,2.0,.624,2.9,6.2,9.1,1.2,0.3,0.6,1.3,2.3,6.5
Ian Clark,SG,26,NOP,74,2,19.7,3.0,6.7,.448,0.8,2.6,.318,2.2,4.1,.533,.511,0.6,0.8,.763,0.1,1.6,1.7,1.5,0.4,0.1,0.8,1.6,7.4
Jordan Clarkson,SG,25,TOT,81,2,23.3,5.3,11.8,.451,1.4,3.9,.352,3.9,7.9,.500,.509,1.9,2.3,.800,0.7,2.0,2.7,2.7,0.7,0.1,1.6,1.3,13.9
Jordan Clarkson,SG,25,LAL,53,2,23.7,5.6,12.6,.448,1.3,4.0,.324,4.4,8.6,.505,.499,2.0,2.5,.795,0.8,2.2,3.0,3.3,0.7,0.1,1.8,1.2,14.5
Jordan Clarkson,SG,25,CLE,28,0,22.6,4.7,10.3,.456,1.6,3.9,.407,3.1,6.4,.486,.533,1.7,2.1,.810,0.5,1.6,2.1,1.7,0.7,0.1,1.1,1.6,12.6
Gian Clavell,SG,24,DAL,7,0,9.1,0.9,2.6,.333,0.9,2.1,.400,0.0,0.4,.000,.500,0.3,0.3,1.000,0.1,0.9,1.0,0.4,0.3,0.0,0.3,1.1,2.9
Antonius Cleveland,SG,23,TOT,17,0,7.2,0.5,1.2,.381,0.2,0.2,.750,0.3,1.0,.294,.452,0.2,0.4,.667,0.2,0.6,0.8,0.1,0.4,0.3,0.4,1.4,1.4
Antonius Cleveland,SG,23,DAL,13,0,6.2,0.3,1.1,.286,0.0,0.1,.000,0.3,1.0,.308,.286,0.2,0.3,.500,0.2,0.6,0.8,0.2,0.5,0.3,0.2,0.8,0.8
Antonius Cleveland,SG,23,ATL,4,0,10.5,1.0,1.8,.571,0.8,0.8,1.000,0.3,1.0,.250,.786,0.5,0.5,1.000,0.3,0.8,1.0,0.0,0.3,0.3,1.3,3.0,3.3
Zach Collins,C,20,POR,66,1,15.8,1.7,4.4,.398,0.5,1.7,.310,1.2,2.7,.455,.458,0.4,0.6,.643,0.7,2.7,3.3,0.8,0.3,0.5,0.9,2.0,4.4
Darren Collison,PG,30,IND,69,64,29.2,4.6,9.2,.495,1.4,3.0,.468,3.2,6.3,.508,.571,1.8,2.1,.882,0.5,2.0,2.6,5.3,1.3,0.2,1.2,1.8,12.4
Mike Conley,PG,30,MEM,12,12,31.1,5.3,14.0,.381,2.0,6.4,.312,3.3,7.6,.440,.452,4.4,5.5,.803,0.0,2.3,2.3,4.1,1.0,0.3,1.5,2.0,17.1
Pat Connaughton,SG,25,POR,82,5,18.1,2.0,4.8,.423,0.9,2.6,.352,1.1,2.2,.506,.518,0.5,0.5,.841,0.4,1.5,2.0,1.1,0.3,0.3,0.5,1.5,5.4
Quinn Cook,PG,24,GSW,33,18,22.4,3.7,7.6,.484,1.4,3.2,.442,2.3,4.5,.514,.575,0.7,0.8,.880,0.3,2.2,2.5,2.7,0.4,0.0,1.0,1.8,9.5
Charles Cooke,SG,23,NOP,13,0,2.9,0.2,1.1,.143,0.1,0.6,.125,0.1,0.5,.167,.179,0.1,0.2,.500,0.0,0.2,0.2,0.1,0.1,0.0,0.1,0.0,0.5
Matt Costello,C,24,SAS,4,0,8.0,0.5,1.0,.500,0.0,0.0,,0.5,1.0,.500,.500,0.0,0.0,,0.3,2.0,2.3,0.5,0.5,0.5,0.3,1.8,1.0
DeMarcus Cousins,C,27,NOP,48,48,36.2,8.5,18.0,.470,2.2,6.1,.354,6.3,11.9,.530,.530,6.1,8.2,.746,2.2,10.7,12.9,5.4,1.6,1.6,5.0,3.8,25.2
Jamal Crawford,SG,37,MIN,80,0,20.7,3.9,9.3,.415,1.3,3.9,.331,2.6,5.4,.477,.485,1.3,1.4,.903,0.3,1.0,1.2,2.3,0.5,0.1,1.2,1.1,10.3
Jordan Crawford,SG,29,NOP,5,0,10.6,2.4,5.4,.444,1.6,2.8,.571,0.8,2.6,.308,.593,0.2,0.2,1.000,0.4,0.4,0.8,2.6,0.2,0.2,1.0,1.4,6.6
Stephen Curry,PG,29,GSW,51,51,32.0,8.4,16.9,.495,4.2,9.8,.423,4.2,7.1,.595,.618,5.5,5.9,.921,0.7,4.4,5.1,6.1,1.6,0.2,3.0,2.2,26.4
Troy Daniels,SG,26,PHO,79,15,20.5,2.9,7.3,.403,2.3,5.8,.400,0.6,1.5,.419,.563,0.7,0.8,.875,0.2,1.5,1.6,0.6,0.3,0.1,0.7,1.7,8.9
Deyonta Davis,C,21,MEM,62,6,15.2,2.6,4.3,.608,0.0,0.0,,2.6,4.3,.608,.608,0.6,0.9,.667,1.2,2.8,4.0,0.6,0.2,0.6,0.5,2.0,5.8
Ed Davis,C,28,POR,78,0,18.9,2.2,3.7,.582,0.0,0.0,.000,2.2,3.7,.584,.582,0.9,1.4,.667,2.3,5.0,7.4,0.5,0.4,0.7,0.8,2.4,5.3
Dewayne Dedmon,C,28,ATL,62,46,24.9,4.0,7.7,.524,0.8,2.3,.355,3.2,5.4,.595,.577,1.1,1.4,.779,1.6,6.3,7.9,1.5,0.6,0.8,1.4,2.6,10.0
Malcolm Delaney,PG,28,ATL,54,3,18.8,2.0,5.3,.382,0.9,2.3,.371,1.2,3.0,.391,.463,1.4,1.7,.804,0.2,1.7,1.9,3.0,0.6,0.1,1.2,1.5,6.3
Matthew Dellavedova,PG,27,MIL,38,3,18.7,1.4,4.0,.362,0.8,2.1,.372,0.7,1.9,.351,.457,0.7,0.7,.926,0.4,1.3,1.7,3.8,0.4,0.0,1.3,1.8,4.3
DeMar DeRozan,SG,28,TOR,80,80,33.9,8.1,17.7,.456,1.1,3.6,.310,7.0,14.1,.494,.488,5.8,7.0,.825,0.7,3.2,3.9,5.2,1.1,0.3,2.2,1.9,23.0
Gorgui Dieng,C,28,MIN,79,0,16.9,2.4,4.9,.479,0.2,0.8,.311,2.1,4.1,.511,.504,1.0,1.3,.775,1.3,3.2,4.6,0.9,0.6,0.5,0.7,1.9,5.9
Tyler Dorsey,SG,21,ATL,56,5,17.4,2.6,6.8,.377,1.3,3.6,.362,1.3,3.3,.393,.471,0.8,1.1,.714,0.3,2.0,2.3,1.4,0.3,0.1,0.7,1.1,7.2
Damyean Dotson,SG,23,NYK,44,2,10.8,1.6,3.7,.447,0.5,1.5,.324,1.1,2.1,.538,.516,0.4,0.5,.696,0.2,1.7,1.9,0.7,0.3,0.0,0.4,0.8,4.1
PJ Dozier,PG,21,OKC,2,0,1.5,0.5,1.0,.500,0.0,0.0,,0.5,1.0,.500,.500,0.0,0.0,,0.0,0.5,0.5,0.0,0.0,0.0,0.5,0.5,1.0
Goran Dragić,PG,31,MIA,75,75,31.7,6.5,14.3,.450,1.5,4.0,.370,5.0,10.3,.481,.502,2.9,3.6,.801,0.7,3.4,4.1,4.8,0.8,0.2,2.2,2.4,17.3
Larry Drew II,PG,27,TOT,10,0,7.0,0.7,2.4,.292,0.3,0.9,.333,0.4,1.5,.267,.354,0.0,0.0,,0.3,0.0,0.3,1.0,0.0,0.0,0.3,0.6,1.7
Larry Drew II,PG,27,PHI,3,0,5.0,0.3,2.3,.143,0.0,1.0,.000,0.3,1.3,.250,.143,0.0,0.0,,0.3,0.0,0.3,0.7,0.0,0.0,0.3,0.7,0.7
Larry Drew II,PG,27,NOP,7,0,7.9,0.9,2.4,.353,0.4,0.9,.500,0.4,1.6,.273,.441,0.0,0.0,,0.3,0.0,0.3,1.1,0.0,0.0,0.3,0.6,2.1
Andre Drummond,C,24,DET,78,78,33.7,6.0,11.3,.529,0.0,0.1,.000,6.0,11.2,.536,.529,3.1,5.1,.605,5.1,10.9,16.0,3.0,1.5,1.6,2.6,3.2,15.0
Kris Dunn,PG,23,CHI,52,43,29.3,5.5,12.8,.429,0.8,2.6,.321,4.7,10.2,.457,.462,1.6,2.2,.737,0.5,3.8,4.3,6.0,2.0,0.5,2.9,3.3,13.4
Wayne Ellington,SG,30,MIA,77,2,26.5,3.7,9.1,.407,2.9,7.5,.392,0.8,1.6,.479,.569,0.9,1.0,.859,0.3,2.5,2.8,1.0,0.7,0.1,0.7,1.2,11.2
Joel Embiid,C,23,PHI,63,63,30.3,8.1,16.8,.483,1.0,3.4,.308,7.0,13.4,.527,.514,5.7,7.4,.769,2.3,8.7,11.0,3.2,0.6,1.8,3.7,3.3,22.9
Tyler Ennis,PG,23,LAL,54,11,12.6,1.7,4.1,.420,0.3,1.0,.250,1.5,3.1,.476,.451,0.4,0.5,.759,0.4,1.4,1.8,1.9,0.6,0.2,0.7,1.4,4.1
Jawun Evans,PG,21,LAC,48,4,16.2,1.9,5.3,.352,0.3,1.1,.278,1.5,4.1,.372,.381,0.8,1.0,.776,0.2,1.6,1.8,2.1,0.8,0.1,0.9,2.0,4.8
Tyreke Evans,PG,28,MEM,52,32,30.9,7.0,15.6,.452,2.2,5.5,.399,4.8,10.1,.482,.523,3.2,4.0,.785,0.8,4.3,5.1,5.2,1.1,0.3,2.3,1.8,19.4
Dante Exum,PG,22,UTA,14,0,16.8,3.0,6.2,.483,0.4,1.3,.278,2.6,4.9,.536,.511,1.8,2.2,.806,0.3,1.6,1.9,3.1,0.6,0.2,1.4,1.4,8.1
Derrick Favors,C,26,UTA,77,77,28.0,5.1,9.1,.563,0.2,0.8,.222,4.9,8.3,.596,.573,1.8,2.8,.651,2.6,4.6,7.2,1.3,0.7,1.1,1.1,2.1,12.3
Kay Felder,PG,22,TOT,16,0,8.8,1.3,4.4,.300,0.3,1.2,.211,1.1,3.2,.333,.329,0.7,0.8,.917,0.2,0.9,1.1,1.3,0.2,0.1,1.0,0.7,3.6
Kay Felder,PG,22,CHI,14,0,9.6,1.4,4.7,.303,0.3,1.3,.222,1.1,3.4,.333,.333,0.8,0.9,.917,0.1,0.9,1.0,1.4,0.2,0.1,1.1,0.8,3.9
Kay Felder,PG,22,DET,2,0,3.0,0.5,2.0,.250,0.0,0.5,.000,0.5,1.5,.333,.250,0.0,0.0,,1.0,1.0,2.0,0.0,0.0,0.0,0.5,0.0,1.0
Cristiano Felício,C,25,CHI,55,16,17.8,2.3,3.9,.591,0.0,0.0,.000,2.3,3.9,.596,.591,1.0,1.5,.667,1.5,2.7,4.2,1.0,0.3,0.2,1.0,1.9,5.6
Raymond Felton,PG,33,OKC,82,2,16.6,2.7,6.7,.406,1.0,2.8,.352,1.7,3.9,.444,.479,0.4,0.5,.818,0.3,1.6,1.9,2.5,0.6,0.2,0.9,1.1,6.9
Terrance Ferguson,SG,19,OKC,61,12,12.5,1.1,2.8,.414,0.7,2.0,.333,0.5,0.8,.612,.533,0.1,0.2,.900,0.3,0.5,0.8,0.3,0.4,0.2,0.2,1.4,3.1
Yogi Ferrell,SG,24,DAL,82,21,27.8,3.8,8.9,.426,1.6,4.4,.373,2.2,4.5,.477,.518,1.0,1.3,.796,0.3,2.7,3.0,2.5,0.8,0.1,1.0,1.9,10.2
Bryn Forbes,SG,24,SAS,80,12,19.0,2.6,6.2,.421,1.1,2.9,.390,1.5,3.4,.446,.510,0.6,0.9,.667,0.2,1.2,1.4,1.0,0.4,0.0,0.5,1.4,6.9
De'Aaron Fox,PG,20,SAC,73,60,27.8,4.5,10.9,.412,0.6,2.1,.307,3.8,8.8,.436,.441,1.9,2.7,.723,0.5,2.3,2.8,4.4,1.0,0.3,2.4,2.2,11.6
Tim Frazier,PG,27,WAS,59,11,14.2,1.2,2.9,.395,0.3,0.9,.304,0.9,2.0,.440,.445,0.4,0.5,.767,0.3,1.6,1.9,3.3,0.8,0.1,1.0,1.6,3.0
Enes Freedom,C,25,NYK,71,71,25.8,5.9,10.0,.592,0.0,0.0,.000,5.9,10.0,.594,.592,2.2,2.6,.848,3.8,7.1,11.0,1.5,0.5,0.5,1.7,2.6,14.1
Channing Frye,C,34,TOT,53,1,13.1,2.0,4.0,.491,0.7,2.2,.339,1.2,1.8,.670,.583,0.3,0.4,.895,0.2,2.3,2.5,0.7,0.3,0.2,0.4,1.3,5.0
Channing Frye,C,34,CLE,44,1,12.4,1.9,3.8,.497,0.7,2.0,.333,1.2,1.8,.684,.586,0.3,0.3,.933,0.2,2.3,2.5,0.6,0.4,0.3,0.4,1.2,4.8
Channing Frye,C,34,LAL,9,0,16.7,2.2,4.8,.465,1.0,2.8,.360,1.2,2.0,.611,.570,0.3,0.4,.750,0.2,2.6,2.8,1.1,0.1,0.1,0.4,1.7,5.8
Markelle Fultz,SG,19,PHI,14,0,18.1,3.2,7.9,.405,0.0,0.1,.000,3.2,7.9,.409,.405,0.7,1.5,.476,0.8,2.3,3.1,3.8,0.9,0.3,1.2,1.6,7.1
Langston Galloway,SG,26,DET,58,2,14.9,2.2,5.9,.371,1.3,3.8,.344,0.9,2.1,.418,.481,0.6,0.7,.805,0.2,1.4,1.6,1.0,0.6,0.1,0.3,0.7,6.2
Marc Gasol,C,33,MEM,73,73,33.0,5.9,14.2,.420,1.5,4.4,.341,4.5,9.8,.456,.473,3.8,4.6,.834,1.1,7.0,8.1,4.2,0.7,1.4,2.7,2.5,17.2
Pau Gasol,C,37,SAS,77,63,23.5,3.7,8.1,.458,0.6,1.6,.358,3.2,6.6,.481,.492,2.1,2.7,.756,1.7,6.4,8.0,3.1,0.3,1.0,1.4,1.6,10.1
Marcus Georges-Hunt,SG,23,MIN,42,0,5.3,0.5,1.1,.438,0.1,0.4,.267,0.4,0.8,.515,.479,0.3,0.5,.619,0.2,0.2,0.4,0.2,0.1,0.0,0.1,0.8,1.4
Manu Ginóbili*,SG,40,SAS,65,0,20.0,3.1,7.1,.434,1.0,3.0,.333,2.1,4.2,.506,.503,1.7,2.0,.840,0.3,1.9,2.2,2.5,0.7,0.2,1.6,1.9,8.9
Rudy Gobert,C,25,UTA,56,56,32.4,4.9,7.9,.622,0.0,0.0,,4.9,7.9,.622,.622,3.6,5.3,.682,2.9,7.8,10.7,1.4,0.8,2.3,1.9,2.7,13.5
Eric Gordon,SG,29,HOU,69,30,31.2,6.0,14.1,.428,3.2,8.8,.359,2.9,5.2,.544,.540,2.8,3.5,.809,0.4,2.1,2.5,2.2,0.6,0.4,1.9,1.7,18.0
Marcin Gortat,C,33,WAS,82,82,25.3,3.5,6.8,.518,0.0,0.0,,3.5,6.8,.518,.518,1.3,2.0,.675,2.2,5.4,7.6,1.8,0.5,0.7,1.2,2.1,8.4
Treveon Graham,SG,24,CHO,63,2,16.7,1.5,3.5,.434,0.6,1.5,.412,0.9,2.0,.452,.525,0.7,0.9,.695,0.7,1.3,1.9,0.9,0.5,0.0,0.4,1.7,4.3
Jerian Grant,PG,25,CHI,74,26,22.8,2.8,6.8,.416,0.8,2.5,.326,2.0,4.3,.468,.476,1.9,2.5,.745,0.4,1.9,2.3,4.6,0.9,0.1,1.2,1.8,8.4
Josh Gray,PG,24,PHO,5,0,17.2,2.2,8.2,.268,0.6,2.6,.231,1.6,5.6,.286,.305,1.4,2.2,.636,0.4,1.6,2.0,2.4,1.6,0.4,1.4,1.6,6.4
Danny Green,SG,30,SAS,70,60,25.6,3.1,8.0,.387,1.7,4.6,.363,1.4,3.4,.419,.490,0.7,0.9,.769,0.6,3.0,3.6,1.6,0.9,1.1,1.1,1.7,8.6
Gerald Green,SG,32,HOU,41,2,22.7,4.1,10.1,.407,2.7,7.3,.369,1.4,2.8,.504,.540,1.2,1.5,.850,0.4,2.9,3.2,0.6,0.6,0.4,0.8,2.1,12.1
Daniel Hamilton,SG,22,OKC,6,0,4.7,0.8,1.8,.455,0.3,0.8,.400,0.5,1.0,.500,.545,0.0,0.0,,0.0,0.8,0.8,1.3,0.2,0.0,0.3,0.3,2.0
Tim Hardaway Jr.,SG,25,NYK,57,54,33.1,6.3,15.0,.421,2.3,7.2,.317,4.0,7.8,.516,.496,2.6,3.1,.816,0.6,3.4,3.9,2.7,1.1,0.2,1.6,2.2,17.5
James Harden,SG,28,HOU,72,72,35.4,9.0,20.1,.449,3.7,10.0,.367,5.4,10.1,.531,.541,8.7,10.1,.858,0.6,4.8,5.4,8.8,1.8,0.7,4.4,2.3,30.4
Montrezl Harrell,C,24,LAC,76,3,17.0,4.6,7.2,.635,0.0,0.1,.143,4.6,7.1,.641,.636,1.8,2.9,.626,1.4,2.7,4.0,1.0,0.5,0.7,0.9,1.9,11.0
Devin Harris,PG,34,TOT,71,1,18.9,2.6,6.4,.412,1.1,3.2,.348,1.5,3.2,.476,.499,2.0,2.4,.835,0.2,1.6,1.8,2.1,0.7,0.2,1.1,2.2,8.4
Devin Harris,PG,34,DAL,44,1,18.3,2.7,6.5,.415,1.0,2.8,.352,1.7,3.6,.465,.493,2.1,2.5,.830,0.2,1.7,1.9,1.9,0.8,0.2,1.1,2.3,8.5
Devin Harris,PG,34,DEN,27,0,19.7,2.6,6.3,.406,1.3,3.8,.343,1.3,2.5,.500,.509,1.8,2.1,.845,0.1,1.4,1.6,2.5,0.5,0.1,1.0,2.0,8.2
Gary Harris,SG,23,DEN,67,65,34.4,6.6,13.6,.485,2.3,5.9,.396,4.2,7.7,.553,.570,2.0,2.4,.827,0.6,2.1,2.6,2.9,1.8,0.2,1.8,1.8,17.5
Aaron Harrison,SG,23,DAL,9,3,25.9,2.1,7.7,.275,1.0,4.8,.209,1.1,2.9,.385,.341,1.4,1.9,.765,0.4,2.2,2.7,1.2,1.0,0.2,0.3,3.0,6.7
Andrew Harrison,PG,23,MEM,56,46,23.7,3.2,7.7,.422,0.8,2.5,.331,2.4,5.1,.467,.477,2.2,2.8,.780,0.4,1.9,2.3,3.2,0.7,0.5,1.4,2.5,9.5
Shaquille Harrison,PG,24,PHO,23,2,16.7,2.6,5.4,.476,0.3,1.1,.231,2.3,4.3,.541,.500,1.2,1.7,.737,0.4,2.3,2.7,2.4,1.1,0.3,1.0,1.8,6.6
Josh Hart,SG,22,LAL,63,23,23.2,2.8,6.0,.469,1.2,3.1,.396,1.6,2.8,.551,.573,1.0,1.5,.702,0.7,3.5,4.2,1.3,0.7,0.3,0.7,1.7,7.9
Udonis Haslem,C,37,MIA,14,0,5.1,0.2,1.1,.200,0.1,0.6,.125,0.1,0.5,.286,.233,0.1,0.1,.500,0.2,0.5,0.7,0.4,0.0,0.1,0.1,0.2,0.6
Reggie Hearn,SG,26,DET,3,0,2.3,0.3,0.7,.500,0.3,0.7,.500,0.0,0.0,,.750,0.0,0.0,,0.0,0.0,0.0,0.0,0.0,0.0,0.0,0.0,1.0
John Henson,C,27,MIL,76,69,25.9,3.8,6.6,.572,0.0,0.1,.143,3.8,6.5,.578,.573,1.2,2.1,.570,2.0,4.8,6.8,1.5,0.6,1.4,1.1,2.7,8.8
Willy Hernangómez,C,23,TOT,48,1,10.3,1.9,3.4,.555,0.1,0.3,.417,1.8,3.2,.566,.570,1.2,1.9,.656,1.3,2.5,3.8,0.7,0.4,0.3,0.7,1.3,5.1
Willy Hernangómez,C,23,NYK,26,0,9.0,1.9,3.1,.605,0.0,0.2,.200,1.8,2.9,.632,.611,0.5,1.1,.429,0.8,1.7,2.6,0.8,0.3,0.3,1.0,1.2,4.3
Willy Hernangómez,C,23,CHO,22,1,11.9,1.9,3.8,.506,0.2,0.3,.571,1.7,3.5,.500,.530,2.1,2.8,.758,1.8,3.5,5.3,0.5,0.5,0.4,0.4,1.5,6.1
Buddy Hield,SG,25,SAC,80,12,25.3,5.2,11.7,.446,2.2,5.1,.431,3.0,6.6,.457,.540,0.9,1.0,.877,0.7,3.2,3.8,1.9,1.1,0.3,1.6,1.9,13.5
Nenê,C,35,HOU,52,4,14.6,2.6,4.6,.569,0.0,0.0,.000,2.6,4.6,.574,.569,1.3,2.1,.636,1.0,2.3,3.4,0.9,0.5,0.3,0.7,2.4,6.5
George Hill,PG,31,TOT,67,60,27.0,3.5,7.7,.460,1.3,3.1,.415,2.3,4.6,.490,.543,1.6,2.1,.786,0.6,2.1,2.7,2.8,0.9,0.4,1.3,1.9,10.0
George Hill,PG,31,SAC,43,36,26.6,3.6,7.6,.469,1.3,3.0,.453,2.2,4.6,.480,.558,1.8,2.3,.778,0.5,2.2,2.7,2.8,0.9,0.3,1.4,1.7,10.3
George Hill,PG,31,CLE,24,24,27.9,3.5,7.8,.444,1.1,3.2,.351,2.3,4.6,.509,.516,1.4,1.7,.805,0.8,1.8,2.7,2.8,0.9,0.6,1.2,2.2,9.4
Darrun Hilliard,SG,24,SAS,14,0,6.8,0.4,1.4,.263,0.0,0.4,.000,0.4,0.9,.385,.263,0.4,0.5,.857,0.0,0.5,0.5,0.8,0.1,0.0,0.3,0.5,1.1
Jrue Holiday,SG,27,NOP,81,81,36.1,7.6,15.4,.494,1.5,4.4,.337,6.1,11.0,.557,.543,2.3,2.9,.786,0.8,3.7,4.5,6.0,1.5,0.8,2.6,2.5,19.0
Justin Holiday,SG,28,CHI,72,72,31.5,4.0,10.9,.371,2.2,6.2,.359,1.8,4.6,.387,.474,1.9,2.3,.823,0.4,3.6,4.0,2.1,1.1,0.4,1.3,1.9,12.2
Richaun Holmes,C,24,PHI,48,2,15.5,2.8,5.0,.560,0.1,0.6,.129,2.7,4.4,.624,.568,0.8,1.2,.661,1.2,3.2,4.4,1.3,0.4,0.6,0.5,2.0,6.5
Rodney Hood,SG,25,TOT,60,23,26.9,5.4,12.5,.429,2.1,5.6,.381,3.3,7.0,.467,.513,1.9,2.2,.860,0.4,2.4,2.8,1.6,0.8,0.2,1.2,1.8,14.7
Rodney Hood,SG,25,UTA,39,12,27.8,6.0,14.2,.424,2.6,6.7,.389,3.4,7.4,.455,.516,2.2,2.5,.876,0.4,2.5,2.8,1.7,0.8,0.2,1.6,1.6,16.8
Rodney Hood,SG,25,CLE,21,11,25.3,4.2,9.5,.442,1.2,3.4,.352,3.0,6.1,.492,.505,1.2,1.5,.813,0.4,2.2,2.6,1.4,0.7,0.2,0.3,2.0,10.8
Scotty Hopson,SG,28,DAL,1,0,8.0,0.0,1.0,.000,0.0,0.0,,0.0,1.0,.000,.000,1.0,2.0,.500,0.0,0.0,0.0,1.0,0.0,0.0,1.0,0.0,1.0
Danuel House Jr.,SG,24,PHO,23,3,17.5,2.4,5.6,.434,0.7,2.5,.259,1.8,3.1,.577,.492,1.1,1.3,.806,0.6,2.7,3.3,1.1,0.3,0.3,0.5,1.0,6.6
Dwight Howard,C,32,CHO,81,81,30.4,6.2,11.2,.555,0.0,0.1,.143,6.2,11.2,.559,.556,4.1,7.2,.574,3.1,9.3,12.5,1.3,0.6,1.6,2.6,3.1,16.6
R.J. Hunter,SG,24,HOU,5,1,9.0,1.4,4.0,.350,0.6,2.8,.214,0.8,1.2,.667,.425,0.4,0.4,1.000,0.0,1.0,1.0,0.6,0.6,0.0,0.4,1.4,3.8
Andre Ingram,SG,32,LAL,2,0,32.0,4.0,8.5,.471,2.5,4.5,.556,1.5,4.0,.375,.618,1.5,1.5,1.000,0.5,2.5,3.0,3.5,1.5,1.5,1.5,1.5,12.0
Jarrett Jack,PG,34,NYK,62,56,25.0,3.0,7.1,.427,0.4,1.4,.291,2.6,5.8,.459,.455,1.0,1.2,.840,0.4,2.7,3.1,5.6,0.6,0.1,1.9,1.6,7.5
Aaron Jackson,PG,31,HOU,1,0,35.0,3.0,9.0,.333,1.0,4.0,.250,2.0,5.0,.400,.389,1.0,2.0,.500,2.0,1.0,3.0,1.0,0.0,0.0,1.0,4.0,8.0
Demetrius Jackson,PG,23,TOT,15,0,5.3,0.5,1.2,.389,0.1,0.5,.143,0.4,0.7,.545,.417,0.1,0.1,.500,0.3,0.5,0.8,0.6,0.3,0.1,0.7,0.5,1.1
Demetrius Jackson,PG,23,HOU,12,0,5.3,0.3,1.2,.286,0.0,0.5,.000,0.3,0.7,.500,.286,0.0,0.0,,0.3,0.6,0.9,0.4,0.3,0.1,0.8,0.5,0.7
Demetrius Jackson,PG,23,PHI,3,0,5.7,1.0,1.3,.750,0.3,0.3,1.000,0.7,1.0,.667,.875,0.3,0.7,.500,0.3,0.0,0.3,1.3,0.3,0.0,0.3,0.3,2.7
Reggie Jackson,PG,27,DET,45,45,26.7,5.5,12.8,.426,1.2,3.8,.308,4.3,9.1,.475,.471,2.5,3.0,.836,0.6,2.1,2.8,5.3,0.6,0.1,2.2,1.9,14.6
Mike James,PG,27,TOT,36,10,19.1,3.4,8.9,.383,0.7,2.7,.265,2.7,6.2,.435,.424,1.8,2.3,.762,0.4,2.1,2.5,3.5,0.8,0.2,1.4,1.3,9.3
Mike James,PG,27,PHO,32,10,20.9,3.8,9.8,.388,0.8,3.0,.268,3.0,6.7,.442,.429,2.0,2.6,.762,0.4,2.4,2.8,3.8,0.8,0.2,1.5,1.4,10.4
Mike James,PG,27,NOP,4,0,4.5,0.5,2.3,.222,0.0,0.3,.000,0.5,2.0,.250,.222,0.0,0.0,,0.3,0.0,0.3,1.5,0.3,0.0,0.3,0.8,1.0
Al Jefferson,C,33,IND,36,1,13.4,3.1,5.8,.534,0.0,0.1,.000,3.1,5.7,.541,.534,0.8,1.0,.833,0.8,3.1,4.0,0.8,0.4,0.6,0.6,1.8,7.0
Brandon Jennings,PG,28,MIL,14,0,14.6,1.9,5.1,.375,0.6,2.4,.273,1.3,2.8,.462,.438,0.7,0.7,1.000,0.4,1.9,2.2,3.1,0.4,0.3,1.3,0.8,5.2
Amir Johnson,C,30,PHI,74,18,15.8,1.9,3.5,.538,0.1,0.4,.313,1.8,3.1,.570,.558,0.7,1.1,.612,1.7,2.8,4.5,1.6,0.6,0.6,0.7,2.6,4.6
Dakari Johnson,C,22,OKC,31,6,5.2,0.7,1.3,.564,0.0,0.0,,0.7,1.3,.564,.564,0.4,0.6,.550,0.5,0.6,1.1,0.3,0.2,0.3,0.1,0.9,1.8
Tyler Johnson,PG,25,MIA,72,39,28.5,4.3,9.9,.435,1.7,4.5,.367,2.6,5.4,.491,.518,1.5,1.8,.822,0.5,3.0,3.4,2.3,0.8,0.5,1.1,2.1,11.7
Nikola Jokić,C,22,DEN,75,73,32.6,6.7,13.5,.499,1.5,3.7,.396,5.2,9.7,.538,.554,3.5,4.2,.850,2.6,8.1,10.7,6.1,1.2,0.8,2.8,2.8,18.5
Damian Jones,C,22,GSW,15,0,5.9,0.7,1.5,.500,0.0,0.0,,0.7,1.5,.500,.500,0.2,0.3,.600,0.3,0.6,0.9,0.1,0.1,0.2,0.3,0.9,1.7
Tyus Jones,PG,21,MIN,82,11,17.9,1.8,4.0,.457,0.5,1.6,.349,1.3,2.4,.528,.526,0.9,1.0,.877,0.2,1.4,1.6,2.8,1.2,0.1,0.7,1.3,5.1
DeAndre Jordan,C,29,LAC,77,77,31.5,4.8,7.5,.645,0.0,0.0,,4.8,7.5,.645,.645,2.4,4.1,.580,4.3,10.9,15.2,1.5,0.5,0.9,1.8,2.6,12.0
Cory Joseph,PG,26,IND,82,17,27.0,3.1,7.4,.424,0.8,2.3,.353,2.3,5.0,.457,.479,0.9,1.1,.745,0.5,2.7,3.2,3.2,1.0,0.2,1.1,1.7,7.9
Luke Kennard,SG,21,DET,73,9,20.0,2.8,6.4,.443,1.1,2.7,.415,1.7,3.7,.463,.530,0.9,1.0,.855,0.3,2.1,2.4,1.7,0.6,0.2,0.9,1.2,7.6
Sean Kilpatrick,SG,28,TOT,52,1,12.3,2.1,5.7,.374,0.9,2.8,.319,1.2,2.9,.427,.452,1.2,1.4,.889,0.1,1.6,1.7,0.9,0.3,0.1,0.7,0.6,6.3
Sean Kilpatrick,SG,28,MIL,23,0,8.9,1.3,3.6,.378,0.6,2.0,.283,0.8,1.6,.500,.457,0.8,0.8,.947,0.0,1.0,1.1,0.7,0.2,0.0,0.4,0.7,4.0
Sean Kilpatrick,SG,28,LAC,4,0,9.5,1.8,4.5,.389,0.8,1.8,.429,1.0,2.8,.364,.472,0.5,0.5,1.000,0.0,0.5,0.5,0.8,0.0,0.0,0.3,0.5,4.8
Sean Kilpatrick,SG,28,CHI,9,1,23.8,5.2,11.9,.439,2.1,5.3,.396,3.1,6.6,.475,.528,2.9,3.6,.813,0.3,2.4,2.8,1.4,0.7,0.3,1.3,0.9,15.4
Furkan Korkmaz,SG,20,PHI,14,0,5.7,0.6,2.0,.286,0.4,1.2,.294,0.2,0.8,.273,.375,0.1,0.3,.500,0.1,0.6,0.8,0.3,0.1,0.1,0.1,0.9,1.6
Luke Kornet,C,22,NYK,20,1,16.3,2.5,6.3,.392,1.4,4.0,.354,1.1,2.3,.457,.504,0.4,0.6,.727,0.6,2.7,3.2,1.3,0.3,0.8,0.6,1.4,6.7
Kyle Korver,SG,36,CLE,73,4,21.6,3.0,6.6,.459,2.2,5.2,.436,0.8,1.5,.537,.628,0.9,1.0,.889,0.1,2.1,2.3,1.2,0.4,0.4,0.8,1.8,9.2
Kosta Koufos,C,28,SAC,71,13,19.6,3.1,5.5,.571,0.0,0.0,,3.1,5.5,.571,.571,0.5,1.0,.446,2.1,4.5,6.6,1.2,0.7,0.5,0.7,2.1,6.7
Jeremy Lamb,SG,25,CHO,80,18,24.6,4.8,10.4,.457,1.2,3.2,.370,3.6,7.2,.495,.513,2.2,2.6,.861,0.6,3.4,4.1,2.3,0.8,0.4,1.2,1.7,12.9
Joffrey Lauvergne,C,26,SAS,55,1,9.7,1.8,3.5,.516,0.0,0.1,.000,1.8,3.4,.530,.516,0.5,0.9,.638,1.1,2.0,3.1,0.7,0.2,0.1,0.6,0.8,4.1
Zach LaVine,SG,22,CHI,24,24,27.3,5.7,14.8,.383,1.8,5.1,.341,3.9,9.7,.405,.442,3.6,4.5,.813,0.4,3.5,3.9,3.0,1.0,0.2,1.8,2.3,16.7
Courtney Lee,SG,32,NYK,76,69,30.4,4.5,9.9,.454,1.5,3.7,.406,3.0,6.3,.482,.529,1.5,1.6,.919,0.4,2.6,2.9,2.4,1.1,0.2,1.1,1.4,12.0
Damion Lee,SG,25,ATL,15,11,26.9,4.1,10.1,.408,1.0,4.0,.250,3.1,6.1,.511,.457,1.5,1.9,.759,0.7,4.0,4.7,1.9,1.3,0.1,0.9,1.7,10.7
Walt Lemon Jr.,PG,25,NOP,5,0,7.0,1.4,3.2,.438,0.2,0.2,1.000,1.2,3.0,.400,.469,0.4,0.6,.667,0.0,0.4,0.4,1.0,0.0,0.2,0.8,1.0,3.4
Alex Len,C,24,PHO,69,13,20.2,3.1,5.5,.566,0.0,0.0,.333,3.1,5.4,.568,.567,2.3,3.3,.684,2.5,5.0,7.5,1.2,0.4,0.9,1.1,2.3,8.5
Meyers Leonard,C,25,POR,33,2,7.7,1.4,2.4,.590,0.3,0.8,.423,1.1,1.6,.673,.660,0.3,0.3,.818,0.4,1.8,2.1,0.5,0.2,0.0,0.3,1.1,3.4
DeAndre Liggins,SG,29,TOT,58,4,12.5,0.7,1.8,.377,0.3,0.9,.358,0.4,0.9,.396,.467,0.0,0.1,.400,0.1,1.2,1.3,0.8,0.6,0.2,0.3,1.4,1.7
DeAndre Liggins,SG,29,MIL,31,1,15.5,0.7,2.1,.338,0.4,1.2,.306,0.4,0.9,.379,.423,0.1,0.2,.400,0.2,1.4,1.6,0.9,0.9,0.3,0.4,2.0,1.8
DeAndre Liggins,SG,29,NOP,27,3,9.0,0.7,1.5,.439,0.3,0.6,.471,0.4,0.9,.417,.537,0.0,0.0,,0.1,0.9,1.0,0.8,0.4,0.1,0.3,0.7,1.6
Damian Lillard,PG,27,POR,73,73,36.6,8.5,19.4,.439,3.1,8.6,.361,5.4,10.8,.501,.519,6.8,7.4,.916,0.8,3.6,4.5,6.6,1.1,0.4,2.8,1.6,26.9
Shaun Livingston,PG,32,GSW,71,7,15.9,2.4,4.8,.501,0.0,0.1,.000,2.4,4.8,.509,.501,0.7,0.9,.820,0.5,1.4,1.8,2.0,0.5,0.3,0.8,1.6,5.5
Kevon Looney,C,21,GSW,66,4,13.8,1.7,2.9,.580,0.0,0.1,.200,1.7,2.8,.590,.583,0.6,1.2,.545,1.3,2.0,3.3,0.6,0.5,0.8,0.5,1.6,4.0
Brook Lopez,C,29,LAL,74,72,23.4,5.0,10.7,.465,1.5,4.4,.345,3.5,6.3,.549,.536,1.5,2.1,.703,1.0,3.0,4.0,1.7,0.4,1.3,1.3,2.6,13.0
Robin Lopez,C,29,CHI,64,64,26.4,5.3,10.1,.530,0.1,0.2,.286,5.3,9.9,.536,.533,1.1,1.4,.756,2.1,2.4,4.5,1.9,0.2,0.8,1.7,1.7,11.8
Kevin Love,C,29,CLE,59,59,28.0,5.7,12.4,.458,2.3,5.6,.415,3.3,6.8,.494,.552,4.0,4.5,.880,1.7,7.5,9.3,1.7,0.7,0.4,1.5,2.0,17.6
Kyle Lowry,PG,31,TOR,78,78,32.2,5.2,12.1,.427,3.1,7.6,.399,2.1,4.5,.474,.553,2.9,3.3,.854,0.8,4.7,5.6,6.9,1.1,0.2,2.3,2.5,16.2
Shelvin Mack,PG,27,ORL,69,3,19.8,2.6,6.0,.430,0.7,2.0,.345,1.9,4.0,.473,.488,1.0,1.4,.711,0.3,2.1,2.4,3.9,0.8,0.1,1.3,1.3,6.9
Josh Magette,PG,28,ATL,18,0,12.0,0.8,2.6,.326,0.4,1.2,.364,0.4,1.3,.292,.413,0.4,0.4,1.000,0.1,0.9,1.1,3.2,0.4,0.1,0.5,0.9,2.6
Ian Mahinmi,C,31,WAS,77,0,14.9,1.8,3.2,.556,0.0,0.0,.000,1.8,3.2,.561,.556,1.2,1.7,.703,1.8,2.3,4.1,0.7,0.5,0.5,1.3,3.0,4.8
Thon Maker,C,20,MIL,74,12,16.7,1.8,4.3,.411,0.4,1.4,.298,1.3,2.9,.467,.460,0.9,1.3,.699,1.0,2.0,3.0,0.6,0.5,0.7,0.6,2.2,4.8
Boban Marjanović,C,29,TOT,39,1,8.6,2.0,3.8,.534,0.0,0.0,,2.0,3.8,.534,.534,2.0,2.5,.794,1.2,2.5,3.7,0.6,0.3,0.3,0.9,1.3,6.0
Boban Marjanović,C,29,DET,19,1,9.0,2.2,4.2,.519,0.0,0.0,,2.2,4.2,.519,.519,1.9,2.4,.800,0.8,2.2,3.0,0.7,0.2,0.3,1.2,1.5,6.2
Boban Marjanović,C,29,LAC,20,0,8.3,1.9,3.5,.551,0.0,0.0,,1.9,3.5,.551,.551,2.1,2.6,.788,1.7,2.7,4.4,0.4,0.3,0.3,0.7,1.2,5.9
Frank Mason III,PG,23,SAC,52,2,18.9,2.8,7.3,.379,0.6,1.7,.360,2.2,5.7,.384,.420,1.8,2.2,.817,0.6,1.9,2.5,2.8,0.7,0.2,1.3,1.4,7.9
Mangok Mathiang,C,25,CHO,4,0,5.0,1.0,1.8,.571,0.0,0.0,,1.0,1.8,.571,.571,0.0,0.3,.000,0.8,1.8,2.5,0.0,0.3,0.0,0.0,1.3,2.0
Patrick McCaw,SG,22,GSW,57,10,16.9,1.6,3.9,.409,0.3,1.4,.238,1.3,2.5,.503,.451,0.5,0.6,.765,0.3,1.2,1.4,1.4,0.8,0.2,0.7,1.2,4.0
CJ McCollum,SG,26,POR,81,81,36.1,8.2,18.6,.443,2.3,5.9,.397,5.9,12.7,.465,.506,2.6,3.1,.836,0.7,3.3,4.0,3.4,1.0,0.4,1.9,2.1,21.4
T.J. McConnell,PG,25,PHI,76,1,22.4,2.8,5.5,.499,0.4,0.8,.435,2.4,4.7,.510,.531,0.4,0.5,.795,0.5,2.5,3.0,4.0,1.2,0.2,1.5,1.6,6.3
JaVale McGee,C,30,GSW,65,17,9.5,2.1,3.4,.621,0.0,0.1,.000,2.1,3.3,.638,.621,0.6,0.8,.731,0.9,1.7,2.6,0.5,0.3,0.9,0.4,1.4,4.8
Rodney McGruder,SG,26,MIA,18,2,16.6,2.0,4.1,.493,0.8,1.9,.429,1.2,2.1,.553,.596,0.2,0.4,.500,0.6,1.2,1.8,0.9,0.4,0.2,0.2,1.2,5.1
Trey McKinney-Jones,SG,27,IND,1,0,1.0,0.0,0.0,,0.0,0.0,,0.0,0.0,,,0.0,0.0,,0.0,0.0,0.0,0.0,0.0,0.0,0.0,0.0,0.0
Ben McLemore,SG,24,MEM,56,17,19.5,2.8,6.7,.421,1.0,2.8,.346,1.8,3.8,.477,.495,0.9,1.1,.828,0.6,1.9,2.5,0.9,0.7,0.3,1.1,2.5,7.5
Jodie Meeks,SG,30,WAS,77,0,14.5,2.0,5.1,.399,0.9,2.7,.343,1.1,2.4,.464,.491,1.3,1.5,.863,0.2,1.4,1.6,0.9,0.4,0.1,0.5,0.7,6.3
Salah Mejri,C,31,DAL,61,1,12.0,1.4,2.2,.642,0.0,0.0,.000,1.4,2.2,.657,.642,0.6,1.1,.576,1.4,2.6,4.0,0.6,0.4,1.1,0.6,2.0,3.5
Patty Mills,PG,29,SAS,82,36,25.7,3.4,8.3,.411,1.9,5.0,.372,1.5,3.3,.470,.523,1.3,1.4,.890,0.3,1.6,1.9,2.8,0.7,0.1,1.3,1.6,10.0
Donovan Mitchell,SG,21,UTA,79,71,33.4,7.5,17.2,.437,2.4,7.0,.340,5.2,10.3,.502,.506,3.0,3.8,.805,0.7,3.1,3.7,3.7,1.5,0.3,2.7,2.7,20.5
Naz Mitrou-Long,SG,24,UTA,1,0,1.0,1.0,1.0,1.000,1.0,1.0,1.000,0.0,0.0,,1.500,0.0,0.0,,0.0,0.0,0.0,0.0,0.0,0.0,0.0,0.0,3.0
Malik Monk,SG,19,CHO,63,0,13.6,2.4,6.7,.360,1.3,3.9,.342,1.1,2.9,.385,.458,0.5,0.6,.842,0.1,0.9,1.0,1.4,0.3,0.1,0.8,1.0,6.7
Greg Monroe,C,27,TOT,51,14,20.4,4.3,7.6,.565,0.0,0.0,,4.3,7.6,.565,.565,1.7,2.3,.739,2.1,4.7,6.9,2.2,0.9,0.5,1.8,1.9,10.3
Greg Monroe,C,27,MIL,5,0,15.8,3.2,6.6,.485,0.0,0.0,,3.2,6.6,.485,.485,0.4,0.8,.500,1.2,3.8,5.0,1.0,0.0,0.0,1.2,1.4,6.8
Greg Monroe,C,27,PHO,20,14,23.3,4.9,7.8,.626,0.0,0.0,,4.9,7.8,.626,.626,1.6,2.3,.674,2.5,5.5,8.0,2.5,0.8,0.3,2.0,2.0,11.3
Luis Montero,SG,24,DET,2,0,4.0,0.0,0.5,.000,0.0,0.0,,0.0,0.5,.000,.000,0.0,0.0,,0.0,1.0,1.0,0.0,0.0,0.0,1.0,0.0,0.0
E'Twaun Moore,SG,28,NOP,82,80,31.5,5.2,10.1,.508,1.6,3.7,.425,3.6,6.5,.556,.585,0.6,0.8,.706,0.7,2.2,2.9,2.3,1.0,0.1,1.2,2.2,12.5
Jaylen Morris,SG,22,ATL,6,0,16.3,2.2,5.3,.406,0.3,1.7,.200,1.8,3.7,.500,.438,0.0,0.0,,0.3,2.3,2.7,1.2,0.3,0.2,1.0,0.3,4.7
Monte Morris,PG,22,DEN,3,0,8.3,1.3,2.0,.667,0.0,0.3,.000,1.3,1.7,.800,.667,0.7,0.7,1.000,0.0,0.7,0.7,2.3,1.0,0.0,0.3,0.3,3.3
Emmanuel Mudiay,PG,21,TOT,64,14,19.5,3.2,8.2,.388,0.7,2.3,.318,2.5,5.9,.415,.433,1.5,2.0,.760,0.4,2.0,2.4,3.2,0.6,0.2,1.8,1.3,8.6
Emmanuel Mudiay,PG,21,DEN,42,0,17.9,3.1,7.7,.401,0.9,2.4,.373,2.2,5.2,.414,.460,1.5,1.9,.808,0.4,1.9,2.2,2.9,0.5,0.1,1.7,1.1,8.5
Emmanuel Mudiay,PG,21,NYK,22,14,22.4,3.4,9.3,.368,0.4,2.1,.196,3.0,7.2,.418,.390,1.6,2.3,.686,0.5,2.2,2.6,3.9,0.9,0.3,1.9,1.5,8.8
Shabazz Muhammad,SG,25,MIL,11,0,10.6,3.4,6.1,.552,0.3,0.7,.375,3.1,5.4,.576,.575,1.5,1.7,.895,0.7,2.1,2.8,0.6,0.4,0.1,0.1,0.6,8.5
Xavier Munford,SG,25,MIL,6,0,3.5,0.2,1.0,.167,0.0,0.3,.000,0.2,0.7,.250,.167,0.2,0.3,.500,0.2,0.0,0.2,0.7,0.2,0.0,0.3,0.7,0.5
Dejounte Murray,PG,21,SAS,81,48,21.5,3.3,7.5,.443,0.1,0.4,.265,3.2,7.1,.454,.451,1.3,1.8,.709,1.4,4.3,5.7,2.9,1.2,0.4,1.7,1.9,8.1
Jamal Murray,PG,20,DEN,81,80,31.7,5.9,13.1,.451,2.0,5.4,.378,3.9,7.7,.502,.529,2.8,3.1,.905,1.0,2.7,3.7,3.4,1.0,0.3,2.1,2.1,16.7
Mike Muscala,C,26,ATL,53,7,20.0,2.7,5.9,.458,1.2,3.2,.371,1.5,2.7,.559,.558,1.1,1.2,.919,1.1,3.3,4.3,1.0,0.6,0.5,0.8,1.5,7.6
Larry Nance Jr.,C,25,TOT,66,27,21.5,3.6,6.3,.581,0.0,0.2,.167,3.6,6.1,.594,.584,1.4,2.1,.664,2.4,4.4,6.8,1.2,1.3,0.6,0.8,2.6,8.7
Larry Nance Jr.,C,25,LAL,42,17,22.0,3.6,6.0,.601,0.0,0.1,.250,3.6,5.9,.606,.603,1.3,2.1,.632,2.6,4.2,6.8,1.4,1.4,0.5,1.0,2.7,8.6
Larry Nance Jr.,C,25,CLE,24,10,20.8,3.7,6.7,.550,0.0,0.3,.125,3.6,6.3,.572,.553,1.5,2.1,.720,2.2,4.8,7.0,1.0,1.2,0.8,0.4,2.5,8.9
Shabazz Napier,PG,26,POR,74,10,20.7,3.0,7.2,.420,1.1,2.9,.376,1.9,4.2,.450,.497,1.6,1.9,.841,0.4,1.9,2.3,2.0,1.1,0.2,1.2,1.1,8.7
Jameer Nelson,PG,35,TOT,50,0,20.3,1.9,4.9,.389,0.8,2.5,.331,1.1,2.4,.450,.473,0.3,0.4,.800,0.3,1.8,2.1,3.6,0.5,0.1,1.3,1.6,4.9
Jameer Nelson,PG,35,NOP,43,0,20.9,2.0,4.8,.410,0.9,2.6,.364,1.0,2.2,.463,.507,0.3,0.4,.765,0.3,2.0,2.2,3.6,0.5,0.1,1.3,1.6,5.1
Jameer Nelson,PG,35,DET,7,0,16.6,1.6,5.6,.282,0.1,2.0,.071,1.4,3.6,.400,.295,0.4,0.4,1.000,0.3,0.9,1.1,3.3,0.6,0.1,1.6,2.0,3.7
Raul Neto,PG,25,UTA,41,0,12.1,1.7,3.7,.457,0.5,1.1,.404,1.2,2.5,.481,.520,0.6,0.9,.743,0.2,1.0,1.2,1.8,0.3,0.1,0.9,0.9,4.5
Joakim Noah,C,32,NYK,7,0,5.7,0.7,1.4,.500,0.0,0.0,,0.7,1.4,.500,.500,0.3,0.6,.500,0.9,1.1,2.0,0.6,0.3,0.3,0.6,0.7,1.7
Nerlens Noel,C,23,DAL,30,6,15.7,1.8,3.5,.524,0.0,0.0,.000,1.8,3.5,.529,.524,0.7,0.9,.750,1.6,4.0,5.6,0.7,1.0,0.7,0.9,2.0,4.4
Lucas Nogueira,C,25,TOR,49,3,8.5,1.0,1.6,.613,0.1,0.4,.263,0.9,1.2,.721,.644,0.4,0.6,.679,0.4,1.4,1.8,0.4,0.5,0.9,0.3,1.0,2.5
Dirk Nowitzki,C,39,DAL,77,77,24.7,4.5,9.8,.456,1.8,4.4,.409,2.7,5.5,.494,.547,1.3,1.4,.898,0.3,5.4,5.7,1.6,0.6,0.6,0.7,1.9,12.0
Frank Ntilikina,PG,19,NYK,78,9,21.9,2.3,6.4,.364,0.6,2.0,.318,1.7,4.4,.385,.414,0.6,0.9,.721,0.5,1.8,2.3,3.2,0.8,0.2,1.7,2.3,5.9
Jusuf Nurkić,C,23,POR,79,79,26.4,6.1,12.0,.505,0.0,0.1,.000,6.1,11.9,.508,.505,2.2,3.5,.630,2.4,6.6,9.0,1.8,0.8,1.4,2.3,3.1,14.3
David Nwaba,SG,25,CHI,70,21,23.5,2.9,6.0,.478,0.3,0.7,.346,2.6,5.3,.496,.499,1.9,2.9,.655,1.3,3.4,4.7,1.5,0.8,0.4,1.1,2.3,7.9
Kyle O'Quinn,C,27,NYK,77,10,18.0,2.9,5.0,.583,0.1,0.2,.235,2.9,4.8,.599,.589,1.3,1.6,.772,1.6,4.5,6.1,2.1,0.5,1.3,1.3,2.5,7.1
Emeka Okafor,C,35,NOP,26,19,13.6,1.8,3.7,.505,0.0,0.0,,1.8,3.7,.505,.505,0.7,0.8,.818,1.8,2.8,4.6,0.3,0.3,1.0,0.5,1.2,4.4
Jahlil Okafor,C,22,TOT,28,0,12.6,2.8,4.9,.558,0.0,0.1,.250,2.7,4.8,.567,.562,0.8,1.0,.724,0.8,2.3,3.0,0.4,0.1,0.6,0.8,1.8,6.3
Jahlil Okafor,C,22,PHI,2,0,12.5,2.0,4.5,.444,0.0,0.0,,2.0,4.5,.444,.444,1.0,2.0,.500,2.0,2.5,4.5,0.5,0.0,1.0,1.5,3.5,5.0
Victor Oladipo,SG,25,IND,75,75,34.0,8.5,17.9,.477,2.1,5.8,.371,6.4,12.1,.528,.537,3.9,4.9,.799,0.6,4.6,5.2,4.3,2.4,0.8,2.9,2.3,23.1
Chinanu Onuaku,C,21,HOU,1,0,22.0,2.0,5.0,.400,0.0,0.0,,2.0,5.0,.400,.400,0.0,0.0,,1.0,3.0,4.0,1.0,0.0,0.0,3.0,4.0,4.0
Zaza Pachulia,C,33,GSW,69,57,14.1,2.2,3.8,.564,0.0,0.0,.000,2.2,3.8,.567,.564,1.1,1.3,.806,1.3,3.4,4.7,1.6,0.6,0.2,1.0,1.8,5.4
Marcus Paige,PG,24,CHO,5,0,5.6,0.8,2.8,.286,0.4,1.6,.250,0.4,1.2,.333,.357,0.4,0.4,1.000,0.0,0.8,0.8,0.6,0.0,0.0,0.0,0.0,2.4
Georgios Papagiannis,C,20,TOT,17,0,7.2,1.1,2.5,.429,0.0,0.0,,1.1,2.5,.429,.429,0.0,0.0,,0.8,1.4,2.2,0.5,0.2,0.4,0.5,0.7,2.1
Georgios Papagiannis,C,20,SAC,16,0,7.4,1.1,2.6,.415,0.0,0.0,,1.1,2.6,.415,.415,0.0,0.0,,0.8,1.5,2.3,0.6,0.1,0.4,0.5,0.8,2.1
Georgios Papagiannis,C,20,POR,1,0,4.0,1.0,1.0,1.000,0.0,0.0,,1.0,1.0,1.000,1.000,0.0,0.0,,1.0,0.0,1.0,0.0,2.0,0.0,0.0,0.0,2.0
Tony Parker,PG,35,SAS,55,21,19.5,3.2,7.1,.459,0.2,0.7,.270,3.1,6.4,.479,.472,1.0,1.4,.705,0.1,1.6,1.7,3.5,0.5,0.0,1.2,0.9,7.7
Justin Patton,C,20,MIN,1,0,4.0,1.0,2.0,.500,0.0,0.0,,1.0,2.0,.500,.500,0.0,0.0,,0.0,0.0,0.0,0.0,1.0,0.0,0.0,1.0,2.0
Brandon Paul,SG,26,SAS,64,2,9.0,0.9,2.0,.433,0.2,0.8,.278,0.6,1.1,.548,.492,0.3,0.7,.512,0.1,1.0,1.1,0.6,0.4,0.1,0.5,0.9,2.3
Chris Paul,PG,32,HOU,58,58,31.8,6.3,13.8,.460,2.5,6.5,.380,3.8,7.2,.532,.550,3.5,3.8,.919,0.6,4.8,5.4,7.9,1.7,0.2,2.2,2.4,18.6
Cameron Payne,PG,23,CHI,25,14,23.3,3.5,8.6,.405,1.4,3.6,.385,2.1,5.0,.419,.486,0.5,0.6,.750,0.7,2.0,2.8,4.5,1.0,0.4,1.4,1.8,8.8
Elfrid Payton,PG,23,TOT,63,63,28.7,5.2,10.6,.493,0.5,1.5,.326,4.7,9.1,.520,.516,1.7,2.7,.649,1.0,3.3,4.3,6.2,1.3,0.3,2.7,2.3,12.7
Elfrid Payton,PG,23,ORL,44,44,28.6,5.4,10.4,.520,0.6,1.5,.373,4.8,8.9,.545,.547,1.6,2.6,.632,1.1,2.9,4.0,6.3,1.5,0.4,2.6,2.2,13.0
Elfrid Payton,PG,23,PHO,19,19,29.0,4.8,11.0,.435,0.3,1.3,.200,4.5,9.7,.467,.447,1.9,2.8,.685,0.9,4.4,5.3,6.2,1.0,0.3,2.8,2.6,11.8
Gary Payton II,PG,25,TOT,23,6,9.6,1.3,3.2,.405,0.3,1.1,.240,1.0,2.1,.490,.446,0.1,0.4,.333,0.6,1.3,1.9,0.9,0.3,0.1,0.3,1.3,3.0
Gary Payton II,PG,25,MIL,12,6,8.8,1.1,2.8,.394,0.2,1.0,.167,0.9,1.8,.524,.424,0.2,0.3,.667,0.3,1.1,1.4,0.8,0.3,0.1,0.3,1.4,2.5
Gary Payton II,PG,25,LAL,11,0,10.5,1.5,3.7,.415,0.4,1.2,.308,1.2,2.5,.464,.463,0.1,0.5,.167,0.8,1.6,2.5,1.1,0.4,0.2,0.4,1.2,3.5
Kendrick Perkins,C,33,CLE,1,0,15.0,1.0,2.0,.500,0.0,0.0,,1.0,2.0,.500,.500,1.0,2.0,.500,0.0,1.0,1.0,2.0,1.0,0.0,1.0,1.0,3.0
London Perrantes,PG,23,CLE,14,0,4.7,0.1,0.9,.154,0.0,0.2,.000,0.1,0.7,.200,.154,0.2,0.4,.600,0.1,0.2,0.3,0.4,0.1,0.1,0.1,0.4,0.5
Marshall Plumlee,C,25,MIL,8,0,6.5,0.1,0.4,.333,0.0,0.0,,0.1,0.4,.333,.333,1.5,2.0,.750,0.5,1.6,2.1,0.3,0.0,0.1,0.4,1.3,1.8
Mason Plumlee,C,27,DEN,74,26,19.4,3.0,5.0,.601,0.0,0.0,.000,3.0,5.0,.602,.601,1.1,2.4,.458,1.8,3.6,5.4,1.9,0.7,1.1,1.4,2.5,7.1
Miles Plumlee,C,29,ATL,55,35,16.7,1.9,3.3,.583,0.0,0.0,,1.9,3.3,.583,.583,0.5,1.1,.450,1.4,2.7,4.1,0.8,0.3,0.5,1.1,1.4,4.3
Jakob Poeltl,C,22,TOR,82,0,18.6,3.1,4.7,.659,0.0,0.0,.500,3.1,4.7,.660,.660,0.7,1.2,.594,2.0,2.8,4.8,0.7,0.5,1.2,1.0,2.6,6.9
Dwight Powell,C,26,DAL,79,25,21.2,3.2,5.4,.593,0.4,1.1,.333,2.9,4.4,.656,.626,1.7,2.3,.719,1.7,3.9,5.6,1.2,0.8,0.4,0.7,2.4,8.5
Norman Powell,SG,24,TOR,70,18,15.2,2.1,5.3,.401,0.8,2.7,.285,1.4,2.7,.516,.472,0.5,0.6,.821,0.2,1.5,1.7,1.3,0.5,0.2,0.9,1.6,5.5
Jacob Pullen,PG,28,PHI,3,0,2.0,0.3,0.7,.500,0.0,0.3,.000,0.3,0.3,1.000,.500,0.0,0.0,,0.0,0.0,0.0,0.0,0.0,0.0,0.3,0.0,0.7
Rodney Purvis,SG,23,ORL,16,2,18.1,2.2,6.7,.327,0.8,3.3,.250,1.4,3.4,.400,.388,0.8,0.9,.867,0.1,1.6,1.7,1.1,0.2,0.2,0.6,1.6,6.0
Zhou Qi,C,22,HOU,18,0,6.9,0.3,1.8,.188,0.1,1.1,.105,0.2,0.7,.308,.219,0.4,0.7,.667,0.3,0.9,1.2,0.1,0.1,0.8,0.6,0.8,1.2
Tim Quarterman,SG,23,HOU,3,0,4.3,0.3,1.0,.333,0.0,0.7,.000,0.3,0.3,1.000,.333,0.7,0.7,1.000,0.0,1.0,1.0,0.3,0.0,0.0,0.7,0.3,1.3
Julius Randle,C,23,LAL,82,49,26.7,6.1,11.0,.558,0.1,0.5,.222,6.0,10.5,.575,.563,3.7,5.2,.718,2.2,5.8,8.0,2.6,0.5,0.5,2.6,3.3,16.1
Xavier Rathan-Mayes,SG,23,MEM,5,0,23.6,2.4,8.4,.286,0.2,2.8,.071,2.2,5.6,.393,.298,0.8,1.8,.444,0.0,1.0,1.0,3.6,1.2,0.6,2.2,3.6,5.8
J.J. Redick,SG,33,PHI,70,70,30.2,5.8,12.6,.460,2.8,6.6,.420,3.0,6.0,.504,.569,2.8,3.1,.904,0.1,2.4,2.5,3.0,0.5,0.1,1.5,1.8,17.1
Davon Reed,SG,22,PHO,21,1,11.5,1.0,3.6,.289,0.5,1.8,.289,0.5,1.8,.289,.362,0.4,0.6,.667,0.1,1.8,1.9,0.6,0.5,0.1,0.5,0.8,3.0
Willie Reed,C,27,TOT,42,5,10.2,1.9,2.9,.669,0.0,0.0,.500,1.9,2.8,.672,.674,0.8,1.3,.582,0.8,2.0,2.9,0.2,0.2,0.5,0.5,1.3,4.6
Willie Reed,C,27,LAC,39,5,10.7,2.1,3.1,.667,0.0,0.1,.500,2.0,3.0,.669,.671,0.8,1.4,.582,0.9,2.2,3.1,0.2,0.2,0.6,0.5,1.4,4.9
Willie Reed,C,27,DET,3,0,3.0,0.3,0.3,1.000,0.0,0.0,,0.3,0.3,1.000,1.000,0.0,0.0,,0.0,0.3,0.3,0.3,0.0,0.0,0.0,1.0,0.7
Malachi Richardson,SG,22,TOT,26,4,12.5,1.2,3.5,.333,0.5,1.5,.300,0.7,1.9,.360,.400,0.7,0.8,.773,0.2,1.1,1.3,0.5,0.4,0.0,0.4,1.0,3.4
Malachi Richardson,SG,22,SAC,25,4,12.8,1.2,3.5,.330,0.5,1.6,.308,0.7,2.0,.347,.398,0.7,0.9,.773,0.2,1.1,1.3,0.5,0.4,0.0,0.4,1.1,3.5
Malachi Richardson,SG,22,TOR,1,0,5.0,1.0,2.0,.500,0.0,1.0,.000,1.0,1.0,1.000,.500,0.0,0.0,,0.0,1.0,1.0,0.0,0.0,0.0,0.0,0.0,2.0
Austin Rivers,SG,25,LAC,61,59,33.7,5.6,13.2,.424,2.2,5.9,.378,3.4,7.3,.461,.508,1.7,2.6,.642,0.4,1.9,2.4,4.0,1.2,0.3,1.8,2.5,15.1
Andre Roberson,SG,26,OKC,39,39,26.6,2.2,4.2,.537,0.2,0.9,.222,2.0,3.2,.627,.562,0.3,1.0,.316,1.9,2.8,4.7,1.2,1.2,0.9,0.8,2.3,5.0
Rajon Rondo,PG,31,NOP,65,63,26.2,3.6,7.6,.468,0.8,2.3,.333,2.8,5.3,.526,.518,0.4,0.7,.543,0.5,3.6,4.0,8.2,1.1,0.2,2.3,1.8,8.3
Derrick Rose,PG,29,TOT,25,7,16.8,3.2,7.4,.435,0.3,1.2,.233,3.0,6.2,.474,.454,1.6,1.8,.870,0.5,0.9,1.4,1.5,0.3,0.2,1.4,0.6,8.4
Derrick Rose,PG,29,CLE,16,7,19.3,3.6,8.3,.439,0.4,1.5,.250,3.3,6.8,.481,.462,2.2,2.6,.854,0.6,1.2,1.8,1.6,0.2,0.3,1.8,0.9,9.8
Derrick Rose,PG,29,MIN,9,0,12.4,2.6,6.0,.426,0.1,0.7,.167,2.4,5.3,.458,.435,0.6,0.6,1.000,0.3,0.3,0.7,1.2,0.4,0.0,0.8,0.2,5.8
Terrence Ross,SG,26,ORL,24,20,25.0,3.2,8.0,.398,1.3,3.9,.323,1.9,4.1,.469,.476,1.1,1.5,.750,0.4,2.6,3.0,1.6,1.1,0.5,1.2,1.9,8.7
Ricky Rubio,PG,27,UTA,77,77,29.3,4.5,10.7,.418,1.2,3.5,.352,3.2,7.2,.451,.476,2.9,3.3,.866,0.6,4.0,4.6,5.3,1.6,0.1,2.7,2.7,13.1
Domantas Sabonis,C,21,IND,74,19,24.5,4.6,8.9,.514,0.2,0.5,.351,4.4,8.4,.524,.524,2.3,3.0,.750,2.2,5.5,7.7,2.0,0.5,0.4,1.9,3.0,11.6
Tomáš Satoranský,SG,26,WAS,73,30,22.5,2.8,5.3,.523,0.6,1.4,.465,2.1,3.9,.544,.585,1.0,1.3,.781,1.0,2.2,3.2,3.9,0.7,0.2,1.1,1.8,7.2
Dennis Schröder,PG,24,ATL,67,67,31.0,7.5,17.1,.436,1.1,3.9,.290,6.3,13.2,.480,.469,3.4,4.0,.849,0.7,2.4,3.1,6.2,1.1,0.1,2.7,2.2,19.4
Wayne Selden,SG,23,MEM,35,9,19.8,3.3,7.7,.431,1.4,3.5,.402,1.9,4.2,.456,.522,1.3,1.7,.746,0.5,1.1,1.6,1.9,0.5,0.1,1.5,1.7,9.3
Ramon Sessions,PG,31,TOT,28,3,14.0,1.5,4.2,.359,0.3,0.9,.308,1.2,3.3,.374,.393,1.6,2.0,.772,0.2,1.1,1.4,2.8,0.5,0.1,1.1,1.0,4.9
Ramon Sessions,PG,31,NYK,13,3,12.8,1.3,4.1,.321,0.2,0.8,.182,1.2,3.2,.357,.340,0.9,1.2,.800,0.1,1.3,1.4,2.1,0.5,0.1,1.2,1.1,3.7
Ramon Sessions,PG,31,WAS,15,0,15.0,1.7,4.3,.391,0.4,1.0,.400,1.3,3.3,.388,.438,2.1,2.8,.762,0.3,1.0,1.3,3.3,0.5,0.1,1.0,1.0,5.9
Iman Shumpert,SG,27,CLE,14,6,19.7,1.6,4.1,.379,0.5,1.9,.269,1.1,2.3,.469,.440,0.8,1.1,.733,0.5,2.4,2.9,1.2,0.6,0.3,1.1,1.6,4.4
Ben Simmons,PG,21,PHI,81,81,33.7,6.7,12.3,.545,0.0,0.1,.000,6.7,12.2,.551,.545,2.4,4.2,.560,1.8,6.3,8.1,8.2,1.7,0.9,3.4,2.6,15.8
Jonathon Simmons,SG,28,ORL,69,50,29.4,5.1,11.0,.465,1.0,3.0,.338,4.1,8.1,.512,.511,2.7,3.5,.768,0.9,2.6,3.5,2.5,0.8,0.2,2.1,2.5,13.9
Kobi Simmons,PG,20,MEM,32,12,20.1,2.5,5.9,.423,0.3,1.2,.282,2.2,4.7,.460,.452,0.8,0.8,1.000,0.4,1.1,1.6,2.1,0.6,0.2,1.4,1.9,6.1
Dennis Smith Jr.,PG,20,DAL,69,69,29.7,5.9,14.8,.395,1.5,4.9,.313,4.3,9.9,.435,.446,1.9,2.8,.694,0.7,3.0,3.8,5.2,1.0,0.3,2.8,2.2,15.2
Ish Smith,PG,29,DET,82,35,24.9,4.7,9.8,.486,0.4,1.2,.347,4.3,8.5,.506,.507,1.0,1.4,.698,0.3,2.4,2.7,4.4,0.8,0.2,1.3,1.7,10.9
J.R. Smith,SG,32,CLE,80,61,28.1,3.0,7.4,.403,1.8,4.8,.375,1.2,2.7,.453,.524,0.5,0.7,.696,0.4,2.6,2.9,1.8,0.9,0.1,1.0,2.0,8.3
Jason Smith,C,31,WAS,33,2,8.6,1.4,3.5,.391,0.1,1.0,.125,1.2,2.5,.494,.409,0.6,0.6,.905,0.5,1.1,1.6,0.4,0.1,0.4,0.5,1.3,3.4
Tony Snell,SG,26,MIL,75,59,27.4,2.5,5.7,.435,1.4,3.6,.403,1.0,2.1,.490,.562,0.5,0.6,.792,0.1,1.8,1.9,1.3,0.6,0.4,0.5,1.5,6.9
Marreese Speights,C,30,ORL,52,3,13.0,2.7,6.7,.395,1.7,4.5,.369,1.0,2.2,.448,.519,0.8,1.1,.727,0.4,2.2,2.6,0.8,0.2,0.4,0.8,2.0,7.7
Nik Stauskas,SG,24,TOT,41,0,12.8,1.5,3.8,.390,1.0,2.4,.400,0.5,1.3,.370,.519,0.5,0.7,.724,0.1,1.5,1.6,1.0,0.2,0.1,0.6,0.6,4.4
Nik Stauskas,SG,24,PHI,6,0,7.5,0.2,0.7,.250,0.0,0.2,.000,0.2,0.5,.333,.250,0.3,0.3,1.000,0.0,0.2,0.2,0.2,0.7,0.0,0.7,0.5,0.7
Lance Stephenson,SG,27,IND,82,7,22.6,3.7,8.6,.427,0.8,2.8,.289,2.9,5.8,.495,.475,1.0,1.5,.661,0.8,4.4,5.2,2.9,0.6,0.2,1.6,2.2,9.2
David Stockton,PG,26,UTA,3,0,3.0,0.7,1.0,.667,0.7,1.0,.667,0.0,0.0,,1.000,1.3,1.3,1.000,0.0,0.0,0.0,0.0,0.0,0.0,0.3,1.0,3.3
Julyan Stone,SG,29,CHO,23,0,7.6,0.3,0.6,.462,0.3,0.6,.462,0.0,0.0,,.692,0.0,0.1,.500,0.0,1.2,1.3,1.1,0.2,0.1,0.3,0.9,0.8
Edmond Sumner,PG,22,IND,1,0,2.0,1.0,1.0,1.000,0.0,0.0,,1.0,1.0,1.000,1.000,0.0,0.0,,0.0,1.0,1.0,0.0,0.0,0.0,0.0,1.0,2.0
Isaiah Taylor,PG,23,ATL,67,9,17.4,2.4,5.8,.418,0.3,1.2,.250,2.1,4.6,.461,.444,1.5,2.1,.702,0.3,1.1,1.4,3.1,0.5,0.1,1.3,1.7,6.6
Jeff Teague,PG,29,MIN,70,70,33.0,5.1,11.3,.446,1.2,3.3,.368,3.9,8.1,.477,.499,2.9,3.4,.845,0.3,2.6,3.0,7.0,1.5,0.3,2.5,2.4,14.2
Marquis Teague,PG,24,MEM,3,0,24.7,1.3,5.3,.250,0.3,1.3,.250,1.0,4.0,.250,.281,0.7,1.7,.400,0.3,1.7,2.0,4.3,1.3,0.0,1.0,1.7,3.7
Garrett Temple,SG,31,SAC,65,35,24.8,3.1,7.3,.418,1.4,3.5,.392,1.7,3.8,.442,.512,0.9,1.2,.769,0.3,2.0,2.3,1.9,0.9,0.4,1.2,2.1,8.4
Miloš Teodosić,PG,30,LAC,45,36,25.2,3.4,8.0,.419,2.0,5.2,.379,1.4,2.8,.492,.542,0.9,1.0,.848,0.4,2.4,2.8,4.6,0.5,0.1,2.2,2.3,9.5
Jason Terry,SG,40,MIL,51,4,16.0,1.2,3.0,.383,0.8,2.3,.348,0.4,0.8,.487,.513,0.2,0.2,.889,0.1,0.8,0.9,1.2,0.8,0.3,0.5,1.0,3.3
Isaiah Thomas,PG,28,TOT,32,15,26.9,4.9,13.2,.373,1.7,5.9,.293,3.2,7.3,.438,.438,3.7,4.1,.893,0.5,1.6,2.1,4.8,0.5,0.1,3.0,1.8,15.2
Isaiah Thomas,PG,28,CLE,15,14,27.1,4.7,12.9,.361,1.5,5.8,.253,3.2,7.1,.449,.418,3.9,4.5,.868,0.5,1.6,2.1,4.5,0.6,0.1,2.7,1.7,14.7
Isaiah Thomas,PG,28,LAL,17,1,26.8,5.1,13.4,.383,1.9,5.9,.327,3.2,7.4,.429,.456,3.4,3.7,.921,0.6,1.5,2.1,5.0,0.4,0.1,3.2,1.9,15.6
Klay Thompson,SG,27,GSW,73,73,34.3,7.9,16.2,.488,3.1,7.1,.440,4.7,9.0,.526,.585,1.1,1.3,.837,0.4,3.4,3.8,2.5,0.8,0.5,1.8,1.6,20.0
Tristan Thompson,C,26,CLE,53,22,20.2,2.5,4.4,.562,0.0,0.0,,2.5,4.4,.562,.562,0.8,1.5,.544,2.4,4.3,6.6,0.6,0.3,0.3,0.7,1.9,5.8
Sindarius Thornwell,SG,23,LAC,73,17,15.8,1.4,3.2,.429,0.3,0.8,.377,1.1,2.4,.448,.479,0.8,1.2,.670,0.5,1.5,1.9,0.9,0.7,0.3,0.7,1.7,3.9
Karl-Anthony Towns,C,22,MIN,82,82,35.6,7.8,14.3,.545,1.5,3.5,.421,6.3,10.8,.585,.596,4.2,4.9,.858,2.9,9.4,12.3,2.4,0.8,1.4,1.9,3.5,21.3
Myles Turner,C,21,IND,65,62,28.2,4.7,9.8,.479,0.9,2.4,.357,3.8,7.4,.519,.523,2.5,3.2,.777,1.4,5.0,6.4,1.3,0.6,1.8,1.5,2.9,12.7
Ekpe Udoh,C,30,UTA,63,3,12.9,1.0,1.9,.500,0.0,0.0,.000,1.0,1.9,.504,.500,0.7,0.9,.750,1.1,1.3,2.4,0.8,0.7,1.2,0.3,1.7,2.6
Tyler Ulis,PG,22,PHO,71,43,23.4,3.0,7.8,.388,0.6,2.1,.288,2.4,5.7,.425,.426,1.2,1.4,.832,0.3,1.5,1.8,4.4,1.0,0.1,1.8,1.7,7.8
Jonas Valančiūnas,C,25,TOR,77,77,22.4,5.1,8.9,.568,0.4,1.0,.405,4.7,8.0,.587,.590,2.2,2.7,.806,2.4,6.2,8.6,1.1,0.4,0.9,1.5,2.5,12.7
Denzel Valentine,SG,24,CHI,77,37,27.2,3.9,9.4,.417,1.9,4.8,.386,2.1,4.6,.450,.517,0.5,0.7,.745,0.6,4.5,5.1,3.2,0.8,0.1,1.3,2.4,10.2
Fred VanVleet,PG,23,TOR,76,0,20.0,3.1,7.2,.426,1.4,3.4,.414,1.6,3.7,.437,.525,1.1,1.3,.832,0.3,2.1,2.4,3.2,0.9,0.3,1.0,1.7,8.6
Rashad Vaughn,SG,21,TOT,28,0,7.6,0.8,2.0,.411,0.5,1.3,.378,0.3,0.7,.474,.536,0.1,0.2,.667,0.1,0.6,0.8,0.5,0.2,0.1,0.2,0.5,2.3
Rashad Vaughn,SG,21,MIL,22,0,7.9,1.0,2.3,.420,0.6,1.6,.371,0.4,0.7,.533,.550,0.2,0.3,.667,0.1,0.7,0.8,0.5,0.2,0.1,0.2,0.5,2.7
Rashad Vaughn,SG,21,ORL,5,0,7.0,0.4,1.2,.333,0.2,0.4,.500,0.2,0.8,.250,.417,0.0,0.0,,0.2,0.6,0.8,0.0,0.2,0.0,0.4,0.4,1.0
Nikola Vučević,C,27,ORL,57,57,29.5,7.0,14.7,.475,1.1,3.6,.314,5.9,11.2,.527,.513,1.4,1.6,.819,1.8,7.4,9.2,3.4,1.0,1.1,1.9,2.5,16.5
Dwyane Wade,SG,36,TOT,67,3,22.9,4.5,10.2,.438,0.5,1.7,.288,4.0,8.5,.468,.462,2.0,2.8,.714,0.7,3.0,3.8,3.4,0.9,0.7,2.1,1.9,11.4
Dwyane Wade,SG,36,CLE,46,3,23.2,4.3,9.5,.455,0.5,1.5,.329,3.8,7.9,.479,.482,2.0,2.9,.701,0.8,3.1,3.9,3.5,0.9,0.7,2.0,1.8,11.2
Dwyane Wade,SG,36,MIA,21,0,22.2,4.8,11.8,.409,0.4,2.0,.220,4.4,9.8,.447,.427,2.0,2.6,.745,0.5,2.9,3.4,3.1,0.9,0.7,2.3,1.9,12.0
Dion Waiters,SG,26,MIA,30,30,30.6,5.4,13.7,.398,1.7,5.7,.306,3.7,8.0,.463,.461,1.7,2.3,.739,0.3,2.3,2.6,3.8,0.8,0.3,2.3,2.0,14.3
Kemba Walker,PG,27,CHO,80,80,34.2,7.4,17.0,.431,2.9,7.5,.384,4.5,9.5,.469,.516,4.5,5.3,.864,0.4,2.7,3.1,5.6,1.1,0.3,2.2,1.2,22.1
John Wall,PG,27,WAS,41,41,34.4,6.8,16.3,.420,1.5,4.1,.371,5.3,12.2,.436,.466,4.3,5.9,.726,0.5,3.1,3.7,9.6,1.4,1.1,3.9,2.0,19.4
Tyrone Wallace,PG,23,LAC,30,19,28.4,3.7,8.2,.445,0.3,1.3,.250,3.3,6.9,.483,.466,2.0,2.6,.782,0.7,2.8,3.5,2.4,0.9,0.4,1.5,2.8,9.7
Derrick Walton,PG,22,MIA,16,0,9.2,0.5,1.6,.320,0.4,1.1,.412,0.1,0.5,.125,.460,0.4,0.4,1.000,0.1,0.9,1.0,1.0,0.4,0.2,0.1,0.4,1.8
Briante Weber,PG,25,TOT,18,0,13.2,1.1,2.4,.442,0.2,0.6,.364,0.8,1.8,.469,.488,0.4,0.6,.800,0.4,1.5,1.9,1.2,1.0,0.3,0.8,1.6,2.8
Briante Weber,PG,25,HOU,13,0,9.1,0.7,1.7,.409,0.3,0.7,.444,0.4,1.0,.385,.500,0.3,0.3,1.000,0.2,1.2,1.4,1.0,0.8,0.2,0.5,1.4,2.0
Briante Weber,PG,25,MEM,5,0,23.8,2.0,4.2,.476,0.0,0.4,.000,2.0,3.8,.526,.476,0.8,1.2,.667,1.0,2.4,3.4,1.8,1.6,0.4,1.6,2.0,4.8
David West,C,37,GSW,73,0,13.7,3.0,5.2,.571,0.0,0.1,.375,2.9,5.1,.576,.575,0.8,1.1,.759,0.9,2.4,3.3,1.9,0.6,1.0,1.1,1.6,6.8
Russell Westbrook,PG,29,OKC,80,80,36.4,9.5,21.1,.449,1.2,4.1,.298,8.3,17.0,.485,.477,5.2,7.1,.737,1.9,8.2,10.1,10.3,1.8,0.3,4.8,2.5,25.4
Derrick White,PG,23,SAS,17,0,8.2,0.9,1.9,.485,0.5,0.8,.615,0.5,1.2,.400,.606,0.8,1.2,.700,0.3,1.2,1.5,0.5,0.2,0.2,0.4,0.5,3.2
Hassan Whiteside,C,28,MIA,54,54,25.3,5.8,10.7,.540,0.0,0.0,1.000,5.7,10.7,.538,.542,2.4,3.4,.703,3.2,8.2,11.4,1.0,0.7,1.7,1.7,2.4,14.0
C.J. Williams,SG,27,LAC,38,17,18.6,2.3,5.2,.442,0.6,2.1,.282,1.7,3.1,.546,.497,0.3,0.4,.813,0.3,1.2,1.5,1.1,0.8,0.3,0.5,1.7,5.5
Lou Williams,SG,31,LAC,79,19,32.8,7.4,16.9,.435,2.4,6.6,.359,5.0,10.4,.484,.505,5.5,6.2,.880,0.5,2.0,2.5,5.3,1.1,0.2,3.0,1.3,22.6
Matt Williams,SG,24,MIA,3,0,3.7,0.7,2.0,.333,0.3,1.7,.200,0.3,0.3,1.000,.417,0.0,0.0,,0.0,0.3,0.3,0.0,0.0,0.0,0.3,0.3,1.7
Jeff Withey,C,27,DAL,9,0,4.3,0.7,1.8,.375,0.2,1.1,.200,0.4,0.7,.667,.438,0.1,0.2,.500,0.1,1.0,1.1,0.0,0.0,0.3,0.2,0.3,1.7
Nate Wolters,PG,26,UTA,5,0,3.8,0.2,1.2,.167,0.0,0.0,,0.2,1.2,.167,.167,0.0,0.0,,0.2,0.2,0.4,0.2,0.0,0.0,0.0,0.2,0.4
Delon Wright,PG,25,TOR,69,4,20.8,2.9,6.3,.465,0.8,2.2,.366,2.1,4.0,.520,.530,1.4,1.7,.829,0.7,2.2,2.9,2.9,1.0,0.5,1.1,1.2,8.0
James Young,SG,22,PHI,6,0,10.2,0.8,2.3,.357,0.5,1.7,.300,0.3,0.7,.500,.464,0.7,1.0,.667,0.0,0.3,0.3,0.3,0.0,0.0,0.2,0.7,2.8
Joe Young,PG,25,IND,53,1,10.5,1.5,3.5,.430,0.5,1.2,.379,1.0,2.3,.458,.497,0.4,0.5,.759,0.2,1.0,1.2,0.7,0.3,0.0,0.5,0.7,3.9
Nick Young,SG,32,GSW,80,8,17.4,2.5,6.1,.412,1.5,4.1,.377,1.0,2.0,.481,.538,0.7,0.8,.862,0.3,1.3,1.6,0.5,0.5,0.1,0.5,1.3,7.3
Cody Zeller,C,25,CHO,33,0,19.0,2.6,4.7,.545,0.1,0.1,.667,2.5,4.6,.542,.551,1.8,2.6,.718,2.0,3.3,5.4,0.9,0.4,0.6,1.0,2.5,7.1
Tyler Zeller,C,28,TOT,66,34,16.8,2.8,5.1,.560,0.2,0.4,.357,2.7,4.6,.578,.575,0.9,1.2,.722,1.7,3.0,4.6,0.7,0.2,0.5,0.7,1.9,6.7
Tyler Zeller,C,28,MIL,24,1,16.9,2.6,4.4,.590,0.0,0.1,.000,2.6,4.3,.602,.590,0.7,0.8,.895,2.0,2.7,4.6,0.8,0.3,0.6,0.5,2.0,5.9
Ante Žižić,C,21,CLE,32,2,6.7,1.5,2.1,.731,0.0,0.0,,1.5,2.1,.731,.731,0.7,0.9,.724,0.8,1.1,1.9,0.2,0.1,0.4,0.3,0.9,3.7
Ivica Zubac,C,20,LAL,43,0,9.5,1.4,2.8,.500,0.0,0.0,.000,1.4,2.8,.504,.500,0.9,1.2,.765,1.0,1.8,2.9,0.6,0.2,0.3,0.6,1.1,3.7
